taxonKey,acceptedScientificName,Classification,Description,n_climate,n_totaal,perc_climate,scenario
3089561,Centaurea cyanus,Cfb,Temperate oceanic climate,34595,57785,0.598684779787142,2071-2100_Beck
3152379,Malva moschata,Cfb,Temperate oceanic climate,51438,72981,0.7048135816171333,2071-2100_Beck
7701037,Nasturtium officinale,Cfb,Temperate oceanic climate,24454,38623,0.6331460528700515,2071-2100_Beck
3089561,Centaurea cyanus,Cfb,Temperate oceanic climate,34595,57785,0.598684779787142,2001-2025-A1FI
3152379,Malva moschata,Cfb,Temperate oceanic climate,51438,72981,0.7048135816171333,2001-2025-A1FI
7701037,Nasturtium officinale,Cfb,Temperate oceanic climate,24454,38623,0.6331460528700515,2001-2025-A1FI
3089561,Centaurea cyanus,Cfb,Temperate oceanic climate,34595,57785,0.598684779787142,2026-2050-A1FI
3152379,Malva moschata,Cfb,Temperate oceanic climate,51438,72981,0.7048135816171333,2026-2050-A1FI
7701037,Nasturtium officinale,Cfb,Temperate oceanic climate,24454,38623,0.6331460528700515,2026-2050-A1FI
3089561,Centaurea cyanus,Cfb,Temperate oceanic climate,34595,57785,0.598684779787142,2051-2075-A1FI
3152379,Malva moschata,Cfb,Temperate oceanic climate,51438,72981,0.7048135816171333,2051-2075-A1FI
7701037,Nasturtium officinale,Cfb,Temperate oceanic climate,24454,38623,0.6331460528700515,2051-2075-A1FI
3169358,Lysimachia thyrsiflora,Cfb,Temperate oceanic climate,29331,80643,0.36371414753915404,2071-2100_Beck
3053201,Rorippa amphibia,Cfb,Temperate oceanic climate,67675,71966,0.9403746213489703,2071-2100_Beck
3169358,Lysimachia thyrsiflora,Cfb,Temperate oceanic climate,29331,80643,0.36371414753915404,2001-2025-A1FI
3053201,Rorippa amphibia,Cfb,Temperate oceanic climate,67675,71966,0.9403746213489703,2001-2025-A1FI
3169358,Lysimachia thyrsiflora,Cfb,Temperate oceanic climate,29331,80643,0.36371414753915404,2026-2050-A1FI
3053201,Rorippa amphibia,Cfb,Temperate oceanic climate,67675,71966,0.9403746213489703,2026-2050-A1FI
3169358,Lysimachia thyrsiflora,Cfb,Temperate oceanic climate,29331,80643,0.36371414753915404,2051-2075-A1FI
3053201,Rorippa amphibia,Cfb,Temperate oceanic climate,67675,71966,0.9403746213489703,2051-2075-A1FI
5339050,Sherardia arvensis,Cfb,Temperate oceanic climate,35621,62927,0.5660686191936689,2071-2100_Beck
2718117,Carex riparia,Cfb,Temperate oceanic climate,57580,64431,0.893669196504788,2071-2100_Beck
5339050,Sherardia arvensis,Cfb,Temperate oceanic climate,35621,62927,0.5660686191936689,2001-2025-A1FI
2718117,Carex riparia,Cfb,Temperate oceanic climate,57580,64431,0.893669196504788,2001-2025-A1FI
5339050,Sherardia arvensis,Cfb,Temperate oceanic climate,35621,62927,0.5660686191936689,2026-2050-A1FI
2718117,Carex riparia,Cfb,Temperate oceanic climate,57580,64431,0.893669196504788,2026-2050-A1FI
5339050,Sherardia arvensis,Cfb,Temperate oceanic climate,35621,62927,0.5660686191936689,2051-2075-A1FI
2718117,Carex riparia,Cfb,Temperate oceanic climate,57580,64431,0.893669196504788,2051-2075-A1FI
7553098,Schoenoplectus lacustris,Cfb,Temperate oceanic climate,36733,60913,0.6030404018846551,2071-2100_Beck
2882398,Ceratophyllum demersum,Cfb,Temperate oceanic climate,48470,66019,0.7341825838016328,2071-2100_Beck
7553098,Schoenoplectus lacustris,Cfb,Temperate oceanic climate,36733,60913,0.6030404018846551,2001-2025-A1FI
2882398,Ceratophyllum demersum,Cfb,Temperate oceanic climate,48470,66019,0.7341825838016328,2001-2025-A1FI
7553098,Schoenoplectus lacustris,Cfb,Temperate oceanic climate,36733,60913,0.6030404018846551,2026-2050-A1FI
2882398,Ceratophyllum demersum,Cfb,Temperate oceanic climate,48470,66019,0.7341825838016328,2026-2050-A1FI
7553098,Schoenoplectus lacustris,Cfb,Temperate oceanic climate,36733,60913,0.6030404018846551,2051-2075-A1FI
2882398,Ceratophyllum demersum,Cfb,Temperate oceanic climate,48470,66019,0.7341825838016328,2051-2075-A1FI
5361760,Myriophyllum spicatum,Cfb,Temperate oceanic climate,33165,52699,0.6293288297690658,2071-2100_Beck
5329266,Hydrocharis morsus-ranae,Cfb,Temperate oceanic climate,43863,66026,0.6643292036470482,2071-2100_Beck
5361760,Myriophyllum spicatum,Cfb,Temperate oceanic climate,33165,52699,0.6293288297690658,2001-2025-A1FI
5329266,Hydrocharis morsus-ranae,Cfb,Temperate oceanic climate,43863,66026,0.6643292036470482,2001-2025-A1FI
5361760,Myriophyllum spicatum,Cfb,Temperate oceanic climate,33165,52699,0.6293288297690658,2026-2050-A1FI
5329266,Hydrocharis morsus-ranae,Cfb,Temperate oceanic climate,43863,66026,0.6643292036470482,2026-2050-A1FI
5361760,Myriophyllum spicatum,Cfb,Temperate oceanic climate,33165,52699,0.6293288297690658,2051-2075-A1FI
5329266,Hydrocharis morsus-ranae,Cfb,Temperate oceanic climate,43863,66026,0.6643292036470482,2051-2075-A1FI
5403531,Crepis biennis,Cfb,Temperate oceanic climate,38646,56922,0.6789290608200695,2071-2100_Beck
2864467,Butomus umbellatus,Cfb,Temperate oceanic climate,46990,60018,0.7829317871305275,2071-2100_Beck
5403531,Crepis biennis,Cfb,Temperate oceanic climate,38646,56922,0.6789290608200695,2001-2025-A1FI
2864467,Butomus umbellatus,Cfb,Temperate oceanic climate,46990,60018,0.7829317871305275,2001-2025-A1FI
5403531,Crepis biennis,Cfb,Temperate oceanic climate,38646,56922,0.6789290608200695,2026-2050-A1FI
2864467,Butomus umbellatus,Cfb,Temperate oceanic climate,46990,60018,0.7829317871305275,2026-2050-A1FI
5403531,Crepis biennis,Cfb,Temperate oceanic climate,38646,56922,0.6789290608200695,2051-2075-A1FI
2864467,Butomus umbellatus,Cfb,Temperate oceanic climate,46990,60018,0.7829317871305275,2051-2075-A1FI
5301200,Potamogeton perfoliatus,Cfb,Temperate oceanic climate,28930,60695,0.4766455226954444,2071-2100_Beck
5289642,Apera spica-venti,Cfb,Temperate oceanic climate,32197,39227,0.8207867030361741,2071-2100_Beck
5301200,Potamogeton perfoliatus,Cfb,Temperate oceanic climate,28930,60695,0.4766455226954444,2001-2025-A1FI
5289642,Apera spica-venti,Cfb,Temperate oceanic climate,32197,39227,0.8207867030361741,2001-2025-A1FI
5301200,Potamogeton perfoliatus,Cfb,Temperate oceanic climate,28930,60695,0.4766455226954444,2026-2050-A1FI
5289642,Apera spica-venti,Cfb,Temperate oceanic climate,32197,39227,0.8207867030361741,2026-2050-A1FI
5301200,Potamogeton perfoliatus,Cfb,Temperate oceanic climate,28930,60695,0.4766455226954444,2051-2075-A1FI
5289642,Apera spica-venti,Cfb,Temperate oceanic climate,32197,39227,0.8207867030361741,2051-2075-A1FI
3040251,Reseda luteola,Cfb,Temperate oceanic climate,38018,45898,0.828314959257484,2071-2100_Beck
3053376,Rorippa sylvestris,Cfb,Temperate oceanic climate,30374,39387,0.7711681519283012,2071-2100_Beck
3040251,Reseda luteola,Cfb,Temperate oceanic climate,38018,45898,0.828314959257484,2001-2025-A1FI
3053376,Rorippa sylvestris,Cfb,Temperate oceanic climate,30374,39387,0.7711681519283012,2001-2025-A1FI
3040251,Reseda luteola,Cfb,Temperate oceanic climate,38018,45898,0.828314959257484,2026-2050-A1FI
3053376,Rorippa sylvestris,Cfb,Temperate oceanic climate,30374,39387,0.7711681519283012,2026-2050-A1FI
3040251,Reseda luteola,Cfb,Temperate oceanic climate,38018,45898,0.828314959257484,2051-2075-A1FI
3053376,Rorippa sylvestris,Cfb,Temperate oceanic climate,30374,39387,0.7711681519283012,2051-2075-A1FI
5702572,Crepis vesicaria,Cfb,Temperate oceanic climate,25402,37633,0.6749926925836367,2071-2100_Beck
5328882,Sagittaria sagittifolia,Cfb,Temperate oceanic climate,41402,51922,0.7973883902777242,2071-2100_Beck
5702572,Crepis vesicaria,Cfb,Temperate oceanic climate,25402,37633,0.6749926925836367,2001-2025-A1FI
5328882,Sagittaria sagittifolia,Cfb,Temperate oceanic climate,41402,51922,0.7973883902777242,2001-2025-A1FI
5702572,Crepis vesicaria,Cfb,Temperate oceanic climate,25402,37633,0.6749926925836367,2026-2050-A1FI
5328882,Sagittaria sagittifolia,Cfb,Temperate oceanic climate,41402,51922,0.7973883902777242,2026-2050-A1FI
5702572,Crepis vesicaria,Cfb,Temperate oceanic climate,25402,37633,0.6749926925836367,2051-2075-A1FI
5328882,Sagittaria sagittifolia,Cfb,Temperate oceanic climate,41402,51922,0.7973883902777242,2051-2075-A1FI
2925303,Lantana camara,Cfa,Humid subtropical climate,19669,54136,0.36332569824146593,2071-2100_Beck
6027328,Chaerophyllum hirsutum,Cfb,Temperate oceanic climate,18960,34269,0.5532697189880067,2071-2100_Beck
6027328,Chaerophyllum hirsutum,Cfb,Temperate oceanic climate,18960,34269,0.5532697189880067,2001-2025-A1FI
6027328,Chaerophyllum hirsutum,Cfb,Temperate oceanic climate,18960,34269,0.5532697189880067,2026-2050-A1FI
2925303,Lantana camara,Cfa,Humid subtropical climate,19669,54136,0.36332569824146593,2051-2075-A1FI
6027328,Chaerophyllum hirsutum,Cfb,Temperate oceanic climate,18960,34269,0.5532697189880067,2051-2075-A1FI
2925303,Lantana camara,Cfa,Humid subtropical climate,19669,54136,0.36332569824146593,2076-2100-A1FI
5275316,Thelypteris palustris,Cfb,Temperate oceanic climate,18597,36473,0.5098840237984262,2071-2100_Beck
2687927,Equisetum hyemale,Cfb,Temperate oceanic climate,12083,45073,0.26807623189048874,2071-2100_Beck
5275316,Thelypteris palustris,Cfb,Temperate oceanic climate,18597,36473,0.5098840237984262,2001-2025-A1FI
2687927,Equisetum hyemale,Cfb,Temperate oceanic climate,12083,45073,0.26807623189048874,2001-2025-A1FI
5275316,Thelypteris palustris,Cfb,Temperate oceanic climate,18597,36473,0.5098840237984262,2026-2050-A1FI
2687927,Equisetum hyemale,Cfb,Temperate oceanic climate,12083,45073,0.26807623189048874,2026-2050-A1FI
5275316,Thelypteris palustris,Cfb,Temperate oceanic climate,18597,36473,0.5098840237984262,2051-2075-A1FI
2687927,Equisetum hyemale,Cfb,Temperate oceanic climate,12083,45073,0.26807623189048874,2051-2075-A1FI
6371424,Rhamnus alaternus,Csa,Hot-summer Mediterranean climate,15137,32534,0.4652671051822709,2076-2100-A1FI
2869101,Calla palustris,Cfb,Temperate oceanic climate,9846,40947,0.24045717634991576,2071-2100_Beck
2869101,Calla palustris,Cfb,Temperate oceanic climate,9846,40947,0.24045717634991576,2001-2025-A1FI
2869101,Calla palustris,Cfb,Temperate oceanic climate,9846,40947,0.24045717634991576,2026-2050-A1FI
2869101,Calla palustris,Cfb,Temperate oceanic climate,9846,40947,0.24045717634991576,2051-2075-A1FI
5372503,Hippuris vulgaris,Cfb,Temperate oceanic climate,14974,35203,0.4253614748743005,2071-2100_Beck
5372503,Hippuris vulgaris,Cfb,Temperate oceanic climate,14974,35203,0.4253614748743005,2001-2025-A1FI
5372503,Hippuris vulgaris,Cfb,Temperate oceanic climate,14974,35203,0.4253614748743005,2026-2050-A1FI
5372503,Hippuris vulgaris,Cfb,Temperate oceanic climate,14974,35203,0.4253614748743005,2051-2075-A1FI
2891661,Oxalis pes-caprae,Csa,Hot-summer Mediterranean climate,13229,41653,0.317600172856697,2076-2100-A1FI
3033464,Ranunculus aquatilis,Cfb,Temperate oceanic climate,21222,26850,0.7903910614525139,2071-2100_Beck
5285727,Pinus radiata,Cfb,Temperate oceanic climate,9158,23149,0.3956110415136723,2071-2100_Beck
3033464,Ranunculus aquatilis,Cfb,Temperate oceanic climate,21222,26850,0.7903910614525139,2001-2025-A1FI
5285727,Pinus radiata,Cfb,Temperate oceanic climate,9158,23149,0.3956110415136723,2001-2025-A1FI
3033464,Ranunculus aquatilis,Cfb,Temperate oceanic climate,21222,26850,0.7903910614525139,2026-2050-A1FI
5285727,Pinus radiata,Cfb,Temperate oceanic climate,9158,23149,0.3956110415136723,2026-2050-A1FI
3033464,Ranunculus aquatilis,Cfb,Temperate oceanic climate,21222,26850,0.7903910614525139,2051-2075-A1FI
5285727,Pinus radiata,Cfb,Temperate oceanic climate,9158,23149,0.3956110415136723,2051-2075-A1FI
9613389,Nassella trichotoma,Cfb,Temperate oceanic climate,15632,18735,0.8343741659994662,2071-2100_Beck
2890560,Geranium lucidum,Cfb,Temperate oceanic climate,20035,30452,0.6579206620254827,2071-2100_Beck
9613389,Nassella trichotoma,Cfb,Temperate oceanic climate,15632,18735,0.8343741659994662,2001-2025-A1FI
2890560,Geranium lucidum,Cfb,Temperate oceanic climate,20035,30452,0.6579206620254827,2001-2025-A1FI
9613389,Nassella trichotoma,Cfb,Temperate oceanic climate,15632,18735,0.8343741659994662,2026-2050-A1FI
2890560,Geranium lucidum,Cfb,Temperate oceanic climate,20035,30452,0.6579206620254827,2026-2050-A1FI
9613389,Nassella trichotoma,Cfb,Temperate oceanic climate,15632,18735,0.8343741659994662,2051-2075-A1FI
2890560,Geranium lucidum,Cfb,Temperate oceanic climate,20035,30452,0.6579206620254827,2051-2075-A1FI
5334294,Polygonum arenastrum,Cfb,Temperate oceanic climate,12792,20125,0.6356273291925466,2071-2100_Beck
5334294,Polygonum arenastrum,Cfb,Temperate oceanic climate,12792,20125,0.6356273291925466,2001-2025-A1FI
5334294,Polygonum arenastrum,Cfb,Temperate oceanic climate,12792,20125,0.6356273291925466,2026-2050-A1FI
5334294,Polygonum arenastrum,Cfb,Temperate oceanic climate,12792,20125,0.6356273291925466,2051-2075-A1FI
3034530,Sium latifolium,Cfb,Temperate oceanic climate,19524,27557,0.7084951192074609,2071-2100_Beck
7221288,Toxicodendron radicans,Cfa,Humid subtropical climate,17929,36673,0.48888828293294795,2071-2100_Beck
3034530,Sium latifolium,Cfb,Temperate oceanic climate,19524,27557,0.7084951192074609,2001-2025-A1FI
3034530,Sium latifolium,Cfb,Temperate oceanic climate,19524,27557,0.7084951192074609,2026-2050-A1FI
3034530,Sium latifolium,Cfb,Temperate oceanic climate,19524,27557,0.7084951192074609,2051-2075-A1FI
7221288,Toxicodendron radicans,Cfa,Humid subtropical climate,17929,36673,0.48888828293294795,2051-2075-A1FI
7221288,Toxicodendron radicans,Cfa,Humid subtropical climate,17929,36673,0.48888828293294795,2076-2100-A1FI
8310009,Ranunculus lingua,Cfb,Temperate oceanic climate,15252,23154,0.6587198756154444,2071-2100_Beck
8766300,Elymus athericus,Cfb,Temperate oceanic climate,2345,2565,0.9142300194931774,2071-2100_Beck
8310009,Ranunculus lingua,Cfb,Temperate oceanic climate,15252,23154,0.6587198756154444,2001-2025-A1FI
8766300,Elymus athericus,Cfb,Temperate oceanic climate,2345,2565,0.9142300194931774,2001-2025-A1FI
8310009,Ranunculus lingua,Cfb,Temperate oceanic climate,15252,23154,0.6587198756154444,2026-2050-A1FI
8766300,Elymus athericus,Cfb,Temperate oceanic climate,2345,2565,0.9142300194931774,2026-2050-A1FI
8310009,Ranunculus lingua,Cfb,Temperate oceanic climate,15252,23154,0.6587198756154444,2051-2075-A1FI
8766300,Elymus athericus,Cfb,Temperate oceanic climate,2345,2565,0.9142300194931774,2051-2075-A1FI
8945862,Fontinalis antipyretica,Cfb,Temperate oceanic climate,18832,27909,0.6747644129133971,2071-2100_Beck
3170817,Kickxia spuria,Cfb,Temperate oceanic climate,16322,19938,0.8186377771090381,2071-2100_Beck
8945862,Fontinalis antipyretica,Cfb,Temperate oceanic climate,18832,27909,0.6747644129133971,2001-2025-A1FI
3170817,Kickxia spuria,Cfb,Temperate oceanic climate,16322,19938,0.8186377771090381,2001-2025-A1FI
8945862,Fontinalis antipyretica,Cfb,Temperate oceanic climate,18832,27909,0.6747644129133971,2026-2050-A1FI
3170817,Kickxia spuria,Cfb,Temperate oceanic climate,16322,19938,0.8186377771090381,2026-2050-A1FI
8945862,Fontinalis antipyretica,Cfb,Temperate oceanic climate,18832,27909,0.6747644129133971,2051-2075-A1FI
3170817,Kickxia spuria,Cfb,Temperate oceanic climate,16322,19938,0.8186377771090381,2051-2075-A1FI
5358683,Trifolium striatum,Cfb,Temperate oceanic climate,12363,17478,0.7073463783041538,2071-2100_Beck
8204204,Kickxia spuria,Cfb,Temperate oceanic climate,16323,19939,0.8186468729625357,2071-2100_Beck
5365026,Aphanes australis,Cfb,Temperate oceanic climate,16391,18325,0.89446111869031375,2071-2100_Beck
5358683,Trifolium striatum,Cfb,Temperate oceanic climate,12363,17478,0.7073463783041538,2001-2025-A1FI
8204204,Kickxia spuria,Cfb,Temperate oceanic climate,16323,19939,0.8186468729625357,2001-2025-A1FI
5365026,Aphanes australis,Cfb,Temperate oceanic climate,16391,18325,0.89446111869031375,2001-2025-A1FI
5358683,Trifolium striatum,Cfb,Temperate oceanic climate,12363,17478,0.7073463783041538,2026-2050-A1FI
8204204,Kickxia spuria,Cfb,Temperate oceanic climate,16323,19939,0.8186468729625357,2026-2050-A1FI
5365026,Aphanes australis,Cfb,Temperate oceanic climate,16391,18325,0.89446111869031375,2026-2050-A1FI
5358683,Trifolium striatum,Cfb,Temperate oceanic climate,12363,17478,0.7073463783041538,2051-2075-A1FI
8204204,Kickxia spuria,Cfb,Temperate oceanic climate,16323,19939,0.8186468729625357,2051-2075-A1FI
5365026,Aphanes australis,Cfb,Temperate oceanic climate,16391,18325,0.89446111869031375,2051-2075-A1FI
8120010,Imperata cylindrica,Cfb,Temperate oceanic climate,5223,23592,0.2213886063072228,2071-2100_Beck
2890536,Geranium palustre,Cfb,Temperate oceanic climate,8079,19040,0.4243172268907563,2071-2100_Beck
8120010,Imperata cylindrica,Cfa,Humid subtropical climate,14500,23592,0.6146151237707698,2071-2100_Beck
8120010,Imperata cylindrica,Cfb,Temperate oceanic climate,5223,23592,0.2213886063072228,2001-2025-A1FI
2890536,Geranium palustre,Cfb,Temperate oceanic climate,8079,19040,0.4243172268907563,2001-2025-A1FI
8120010,Imperata cylindrica,Cfb,Temperate oceanic climate,5223,23592,0.2213886063072228,2026-2050-A1FI
2890536,Geranium palustre,Cfb,Temperate oceanic climate,8079,19040,0.4243172268907563,2026-2050-A1FI
8120010,Imperata cylindrica,Cfb,Temperate oceanic climate,5223,23592,0.2213886063072228,2051-2075-A1FI
2890536,Geranium palustre,Cfb,Temperate oceanic climate,8079,19040,0.4243172268907563,2051-2075-A1FI
8120010,Imperata cylindrica,Cfa,Humid subtropical climate,14500,23592,0.6146151237707698,2051-2075-A1FI
8120010,Imperata cylindrica,Cfa,Humid subtropical climate,14500,23592,0.6146151237707698,2076-2100-A1FI
3083765,Atriplex portulacoides,Cfb,Temperate oceanic climate,12244,15194,0.8058444122680005,2071-2100_Beck
5329192,Stratiotes aloides,Cfb,Temperate oceanic climate,15366,19863,0.7735991542063132,2071-2100_Beck
3083765,Atriplex portulacoides,Cfb,Temperate oceanic climate,12244,15194,0.8058444122680005,2001-2025-A1FI
5329192,Stratiotes aloides,Cfb,Temperate oceanic climate,15366,19863,0.7735991542063132,2001-2025-A1FI
3083765,Atriplex portulacoides,Cfb,Temperate oceanic climate,12244,15194,0.8058444122680005,2026-2050-A1FI
5329192,Stratiotes aloides,Cfb,Temperate oceanic climate,15366,19863,0.7735991542063132,2026-2050-A1FI
3083765,Atriplex portulacoides,Cfb,Temperate oceanic climate,12244,15194,0.8058444122680005,2051-2075-A1FI
5329192,Stratiotes aloides,Cfb,Temperate oceanic climate,15366,19863,0.7735991542063132,2051-2075-A1FI
5371743,Anthriscus caucalis,Cfb,Temperate oceanic climate,12639,17366,0.7278014511113671,2071-2100_Beck
3113784,Cirsium dissectum,Cfb,Temperate oceanic climate,18099,18214,0.9936861754694192,2071-2100_Beck
5371743,Anthriscus caucalis,Cfb,Temperate oceanic climate,12639,17366,0.7278014511113671,2001-2025-A1FI
3113784,Cirsium dissectum,Cfb,Temperate oceanic climate,18099,18214,0.9936861754694192,2001-2025-A1FI
5371743,Anthriscus caucalis,Cfb,Temperate oceanic climate,12639,17366,0.7278014511113671,2026-2050-A1FI
3113784,Cirsium dissectum,Cfb,Temperate oceanic climate,18099,18214,0.9936861754694192,2026-2050-A1FI
5371743,Anthriscus caucalis,Cfb,Temperate oceanic climate,12639,17366,0.7278014511113671,2051-2075-A1FI
3113784,Cirsium dissectum,Cfb,Temperate oceanic climate,18099,18214,0.9936861754694192,2051-2075-A1FI
3033605,Myosurus minimus,Cfb,Temperate oceanic climate,8575,16928,0.5065571833648393,2071-2100_Beck
3928139,Ranunculus aconitifolius,Cfb,Temperate oceanic climate,7101,17058,0.41628561378825185,2071-2100_Beck
3033605,Myosurus minimus,Cfb,Temperate oceanic climate,8575,16928,0.5065571833648393,2001-2025-A1FI
3928139,Ranunculus aconitifolius,Cfb,Temperate oceanic climate,7101,17058,0.41628561378825185,2001-2025-A1FI
3033605,Myosurus minimus,Cfb,Temperate oceanic climate,8575,16928,0.5065571833648393,2026-2050-A1FI
3928139,Ranunculus aconitifolius,Cfb,Temperate oceanic climate,7101,17058,0.41628561378825185,2026-2050-A1FI
3033605,Myosurus minimus,Cfb,Temperate oceanic climate,8575,16928,0.5065571833648393,2051-2075-A1FI
3928139,Ranunculus aconitifolius,Cfb,Temperate oceanic climate,7101,17058,0.41628561378825185,2051-2075-A1FI
2986239,Pittosporum undulatum,Cfb,Temperate oceanic climate,11802,24384,0.484005905511811,2071-2100_Beck
5301141,Potamogeton lucens,Cfb,Temperate oceanic climate,12426,16736,0.7424713193116634,2071-2100_Beck
2986239,Pittosporum undulatum,Cfa,Humid subtropical climate,8897,24384,0.364870406824147,2071-2100_Beck
2986239,Pittosporum undulatum,Cfb,Temperate oceanic climate,11802,24384,0.484005905511811,2001-2025-A1FI
5301141,Potamogeton lucens,Cfb,Temperate oceanic climate,12426,16736,0.7424713193116634,2001-2025-A1FI
2986239,Pittosporum undulatum,Cfb,Temperate oceanic climate,11802,24384,0.484005905511811,2026-2050-A1FI
5301141,Potamogeton lucens,Cfb,Temperate oceanic climate,12426,16736,0.7424713193116634,2026-2050-A1FI
2986239,Pittosporum undulatum,Cfb,Temperate oceanic climate,11802,24384,0.484005905511811,2051-2075-A1FI
5301141,Potamogeton lucens,Cfb,Temperate oceanic climate,12426,16736,0.7424713193116634,2051-2075-A1FI
2986239,Pittosporum undulatum,Cfa,Humid subtropical climate,8897,24384,0.364870406824147,2051-2075-A1FI
2986239,Pittosporum undulatum,Cfa,Humid subtropical climate,8897,24384,0.364870406824147,2076-2100-A1FI
3887764,Teucrium polium,Cfb,Temperate oceanic climate,2757,13073,0.21089267956857646,2071-2100_Beck
5384075,Opuntia stricta,Cfa,Humid subtropical climate,5400,8607,0.6273963053328686,2071-2100_Beck
3887764,Teucrium polium,Cfb,Temperate oceanic climate,2757,13073,0.21089267956857646,2001-2025-A1FI
3887764,Teucrium polium,Cfb,Temperate oceanic climate,2757,13073,0.21089267956857646,2026-2050-A1FI
3887764,Teucrium polium,Cfb,Temperate oceanic climate,2757,13073,0.21089267956857646,2051-2075-A1FI
5384075,Opuntia stricta,Cfa,Humid subtropical climate,5400,8607,0.6273963053328686,2051-2075-A1FI
3887764,Teucrium polium,Csa,Hot-summer Mediterranean climate,5958,13073,0.45574848925265815,2076-2100-A1FI
5384075,Opuntia stricta,Cfa,Humid subtropical climate,5400,8607,0.6273963053328686,2076-2100-A1FI
2778457,Asphodelus albus,Cfb,Temperate oceanic climate,6853,12221,0.5607560756075608,2071-2100_Beck
3084923,Alternanthera philoxeroides,Cfa,Humid subtropical climate,3089,4962,0.6225312374042725,2071-2100_Beck
3084923,Alternanthera philoxeroides,Cfb,Temperate oceanic climate,1264,4962,0.2547359935509875,2071-2100_Beck
2778457,Asphodelus albus,Cfb,Temperate oceanic climate,6853,12221,0.5607560756075608,2001-2025-A1FI
3084923,Alternanthera philoxeroides,Cfb,Temperate oceanic climate,1264,4962,0.2547359935509875,2001-2025-A1FI
2778457,Asphodelus albus,Cfb,Temperate oceanic climate,6853,12221,0.5607560756075608,2026-2050-A1FI
3084923,Alternanthera philoxeroides,Cfb,Temperate oceanic climate,1264,4962,0.2547359935509875,2026-2050-A1FI
2778457,Asphodelus albus,Cfb,Temperate oceanic climate,6853,12221,0.5607560756075608,2051-2075-A1FI
3084923,Alternanthera philoxeroides,Cfa,Humid subtropical climate,3089,4962,0.6225312374042725,2051-2075-A1FI
3084923,Alternanthera philoxeroides,Cfb,Temperate oceanic climate,1264,4962,0.2547359935509875,2051-2075-A1FI
3084923,Alternanthera philoxeroides,Cfa,Humid subtropical climate,3089,4962,0.6225312374042725,2076-2100-A1FI
8810827,Nymphoides peltata,Cfb,Temperate oceanic climate,16557,18929,0.8746896296687622,2071-2100_Beck
8810827,Nymphoides peltata,Cfb,Temperate oceanic climate,16557,18929,0.8746896296687622,2001-2025-A1FI
8810827,Nymphoides peltata,Cfb,Temperate oceanic climate,16557,18929,0.8746896296687622,2026-2050-A1FI
8810827,Nymphoides peltata,Cfb,Temperate oceanic climate,16557,18929,0.8746896296687622,2051-2075-A1FI
5290003,Digitaria ischaemum,Cfb,Temperate oceanic climate,10671,14765,0.7227226549271927,2071-2100_Beck
8022456,Legousia speculum-veneris,Cfb,Temperate oceanic climate,9263,12974,0.7139663943271157,2071-2100_Beck
5290003,Digitaria ischaemum,Cfb,Temperate oceanic climate,10671,14765,0.7227226549271927,2001-2025-A1FI
8022456,Legousia speculum-veneris,Cfb,Temperate oceanic climate,9263,12974,0.7139663943271157,2001-2025-A1FI
5290003,Digitaria ischaemum,Cfb,Temperate oceanic climate,10671,14765,0.7227226549271927,2026-2050-A1FI
8022456,Legousia speculum-veneris,Cfb,Temperate oceanic climate,9263,12974,0.7139663943271157,2026-2050-A1FI
5290003,Digitaria ischaemum,Cfb,Temperate oceanic climate,10671,14765,0.7227226549271927,2051-2075-A1FI
8022456,Legousia speculum-veneris,Cfb,Temperate oceanic climate,9263,12974,0.7139663943271157,2051-2075-A1FI
5347763,Genista hispanica,Cfb,Temperate oceanic climate,3522,10980,0.32076502732240436,2071-2100_Beck
2704211,Poa chaixii,Cfb,Temperate oceanic climate,6350,13329,0.4764048315702603,2071-2100_Beck
5347763,Genista hispanica,Cfb,Temperate oceanic climate,3522,10980,0.32076502732240436,2001-2025-A1FI
2704211,Poa chaixii,Cfb,Temperate oceanic climate,6350,13329,0.4764048315702603,2001-2025-A1FI
5347763,Genista hispanica,Cfb,Temperate oceanic climate,3522,10980,0.32076502732240436,2026-2050-A1FI
2704211,Poa chaixii,Cfb,Temperate oceanic climate,6350,13329,0.4764048315702603,2026-2050-A1FI
5347763,Genista hispanica,Cfb,Temperate oceanic climate,3522,10980,0.32076502732240436,2051-2075-A1FI
2704211,Poa chaixii,Cfb,Temperate oceanic climate,6350,13329,0.4764048315702603,2051-2075-A1FI
5347762,Genista hispanica,Csa,Hot-summer Mediterranean climate,3661,10980,0.33342440801457196,2076-2100-A1FI
2865125,Alisma lanceolatum,Cfb,Temperate oceanic climate,11227,13981,0.8030183820899792,2071-2100_Beck
2979775,Acacia mearnsii,Cfb,Temperate oceanic climate,14954,20424,0.732177830003917,2071-2100_Beck
2865125,Alisma lanceolatum,Cfb,Temperate oceanic climate,11227,13981,0.8030183820899792,2001-2025-A1FI
2979775,Acacia mearnsii,Cfb,Temperate oceanic climate,14954,20424,0.732177830003917,2001-2025-A1FI
2865125,Alisma lanceolatum,Cfb,Temperate oceanic climate,11227,13981,0.8030183820899792,2026-2050-A1FI
2979775,Acacia mearnsii,Cfb,Temperate oceanic climate,14954,20424,0.732177830003917,2026-2050-A1FI
2865125,Alisma lanceolatum,Cfb,Temperate oceanic climate,11227,13981,0.8030183820899792,2051-2075-A1FI
2979775,Acacia mearnsii,Cfb,Temperate oceanic climate,14954,20424,0.732177830003917,2051-2075-A1FI
2864562,Baldellia ranunculoides,Cfb,Temperate oceanic climate,9940,11696,0.8498632010943913,2071-2100_Beck
5329324,Najas marina,Cfb,Temperate oceanic climate,5410,10041,0.5387909570759885,2071-2100_Beck
2864562,Baldellia ranunculoides,Cfb,Temperate oceanic climate,9940,11696,0.8498632010943913,2001-2025-A1FI
5329324,Najas marina,Cfb,Temperate oceanic climate,5410,10041,0.5387909570759885,2001-2025-A1FI
2864562,Baldellia ranunculoides,Cfb,Temperate oceanic climate,9940,11696,0.8498632010943913,2026-2050-A1FI
5329324,Najas marina,Cfb,Temperate oceanic climate,5410,10041,0.5387909570759885,2026-2050-A1FI
2864562,Baldellia ranunculoides,Cfb,Temperate oceanic climate,9940,11696,0.8498632010943913,2051-2075-A1FI
5329324,Najas marina,Cfb,Temperate oceanic climate,5410,10041,0.5387909570759885,2051-2075-A1FI
2706011,Phleum arenarium,Cfb,Temperate oceanic climate,11753,13847,0.8487759081389471,2071-2100_Beck
5384464,Gypsophila repens,Cfb,Temperate oceanic climate,3029,12152,0.24925938117182356,2071-2100_Beck
2706011,Phleum arenarium,Cfb,Temperate oceanic climate,11753,13847,0.8487759081389471,2001-2025-A1FI
5384464,Gypsophila repens,Cfb,Temperate oceanic climate,3029,12152,0.24925938117182356,2001-2025-A1FI
2706011,Phleum arenarium,Cfb,Temperate oceanic climate,11753,13847,0.8487759081389471,2026-2050-A1FI
5384464,Gypsophila repens,Cfb,Temperate oceanic climate,3029,12152,0.24925938117182356,2026-2050-A1FI
2706011,Phleum arenarium,Cfb,Temperate oceanic climate,11753,13847,0.8487759081389471,2051-2075-A1FI
5384464,Gypsophila repens,Cfb,Temperate oceanic climate,3029,12152,0.24925938117182356,2051-2075-A1FI
5356714,Lathyrus japonicus,Cfb,Temperate oceanic climate,4923,14307,0.3440972950304047,2071-2100_Beck
5356714,Lathyrus japonicus,Cfb,Temperate oceanic climate,4923,14307,0.3440972950304047,2001-2025-A1FI
5356714,Lathyrus japonicus,Cfb,Temperate oceanic climate,4923,14307,0.3440972950304047,2026-2050-A1FI
5356714,Lathyrus japonicus,Cfb,Temperate oceanic climate,4923,14307,0.3440972950304047,2051-2075-A1FI
3066495,Euphorbia segetalis,Csa,Hot-summer Mediterranean climate,4404,10094,0.4362987913612047,2076-2100-A1FI
3105419,Carlina acanthifolia,Cfb,Temperate oceanic climate,3886,9593,0.40508704263525486,2071-2100_Beck
3170241,Asclepias curassavica,Cfa,Humid subtropical climate,3787,15156,0.2498680390604381,2071-2100_Beck
3105419,Carlina acanthifolia,Cfb,Temperate oceanic climate,3886,9593,0.40508704263525486,2001-2025-A1FI
3105419,Carlina acanthifolia,Cfb,Temperate oceanic climate,3886,9593,0.40508704263525486,2026-2050-A1FI
3105419,Carlina acanthifolia,Cfb,Temperate oceanic climate,3886,9593,0.40508704263525486,2051-2075-A1FI
3170241,Asclepias curassavica,Cfa,Humid subtropical climate,3787,15156,0.2498680390604381,2051-2075-A1FI
3170241,Asclepias curassavica,Cfa,Humid subtropical climate,3787,15156,0.2498680390604381,2076-2100-A1FI
4064467,Cynoglossum creticum,Csa,Hot-summer Mediterranean climate,5072,9888,0.5129449838187702,2076-2100-A1FI
3172297,Ligustrum lucidum,Cfa,Humid subtropical climate,9295,15064,0.6170339883165162,2071-2100_Beck
3172297,Ligustrum lucidum,Cfa,Humid subtropical climate,9295,15064,0.6170339883165162,2051-2075-A1FI
3172297,Ligustrum lucidum,Cfa,Humid subtropical climate,9295,15064,0.6170339883165162,2076-2100-A1FI
5387821,Gaillardia pulchella,Cfa,Humid subtropical climate,10916,15811,0.6904054139523117,2071-2100_Beck
3181762,Leptospermum scoparium,Cfb,Temperate oceanic climate,8268,9712,0.8513179571663921,2071-2100_Beck
3181762,Leptospermum scoparium,Cfb,Temperate oceanic climate,8268,9712,0.8513179571663921,2001-2025-A1FI
3181762,Leptospermum scoparium,Cfb,Temperate oceanic climate,8268,9712,0.8513179571663921,2026-2050-A1FI
5387821,Gaillardia pulchella,Cfa,Humid subtropical climate,10916,15811,0.6904054139523117,2051-2075-A1FI
3181762,Leptospermum scoparium,Cfb,Temperate oceanic climate,8268,9712,0.8513179571663921,2051-2075-A1FI
5387821,Gaillardia pulchella,Cfa,Humid subtropical climate,10916,15811,0.6904054139523117,2076-2100-A1FI
5408269,Lobelia cardinalis,Cfa,Humid subtropical climate,5458,15186,0.35940998287896747,2071-2100_Beck
5408269,Lobelia cardinalis,Cfa,Humid subtropical climate,5458,15186,0.35940998287896747,2051-2075-A1FI
5408269,Lobelia cardinalis,Cfa,Humid subtropical climate,5458,15186,0.35940998287896747,2076-2100-A1FI
5384064,Opuntia ficus-indica,Csa,Hot-summer Mediterranean climate,3181,10459,0.30413997514102686,2076-2100-A1FI
6443643,Pulicaria vulgaris,Cfb,Temperate oceanic climate,6455,7055,0.9149539333805812,2071-2100_Beck
7322764,Epilobium brunnescens,Cfb,Temperate oceanic climate,9951,12647,0.7868269154740255,2071-2100_Beck
6443643,Pulicaria vulgaris,Cfb,Temperate oceanic climate,6455,7055,0.9149539333805812,2001-2025-A1FI
7322764,Epilobium brunnescens,Cfb,Temperate oceanic climate,9951,12647,0.7868269154740255,2001-2025-A1FI
6443643,Pulicaria vulgaris,Cfb,Temperate oceanic climate,6455,7055,0.9149539333805812,2026-2050-A1FI
7322764,Epilobium brunnescens,Cfb,Temperate oceanic climate,9951,12647,0.7868269154740255,2026-2050-A1FI
6443643,Pulicaria vulgaris,Cfb,Temperate oceanic climate,6455,7055,0.9149539333805812,2051-2075-A1FI
7322764,Epilobium brunnescens,Cfb,Temperate oceanic climate,9951,12647,0.7868269154740255,2051-2075-A1FI
2772094,Muscari botryoides,Cfb,Temperate oceanic climate,4812,11254,0.4275813044250933,2071-2100_Beck
8034409,Canna indica,Cfa,Humid subtropical climate,3629,13583,0.2671722005447986,2071-2100_Beck
2772094,Muscari botryoides,Cfb,Temperate oceanic climate,4812,11254,0.4275813044250933,2001-2025-A1FI
2772094,Muscari botryoides,Cfb,Temperate oceanic climate,4812,11254,0.4275813044250933,2026-2050-A1FI
2772094,Muscari botryoides,Cfb,Temperate oceanic climate,4812,11254,0.4275813044250933,2051-2075-A1FI
8034409,Canna indica,Cfa,Humid subtropical climate,3629,13583,0.2671722005447986,2051-2075-A1FI
8034409,Canna indica,Cfa,Humid subtropical climate,3629,13583,0.2671722005447986,2076-2100-A1FI
5374635,Barbarea intermedia,Cfb,Temperate oceanic climate,6416,8369,0.7666387859959374,2071-2100_Beck
5374635,Barbarea intermedia,Cfb,Temperate oceanic climate,6416,8369,0.7666387859959374,2001-2025-A1FI
5374635,Barbarea intermedia,Cfb,Temperate oceanic climate,6416,8369,0.7666387859959374,2026-2050-A1FI
5374635,Barbarea intermedia,Cfb,Temperate oceanic climate,6416,8369,0.7666387859959374,2051-2075-A1FI
6026828,Thapsia villosa,Csa,Hot-summer Mediterranean climate,3201,6156,0.5199805068226121,2076-2100-A1FI
2925562,Vitex agnus-castus,Cfb,Temperate oceanic climate,3156,12436,0.2537793502733998,2071-2100_Beck
2925562,Vitex agnus-castus,Cfa,Humid subtropical climate,2786,12436,0.2240270183338694,2071-2100_Beck
2925562,Vitex agnus-castus,Cfb,Temperate oceanic climate,3156,12436,0.2537793502733998,2001-2025-A1FI
2925562,Vitex agnus-castus,Cfb,Temperate oceanic climate,3156,12436,0.2537793502733998,2026-2050-A1FI
2925562,Vitex agnus-castus,Cfb,Temperate oceanic climate,3156,12436,0.2537793502733998,2051-2075-A1FI
2925562,Vitex agnus-castus,Cfa,Humid subtropical climate,2786,12436,0.2240270183338694,2051-2075-A1FI
2925562,Vitex agnus-castus,Csa,Hot-summer Mediterranean climate,4558,12436,0.3665165648118366,2076-2100-A1FI
2925562,Vitex agnus-castus,Cfa,Humid subtropical climate,2786,12436,0.2240270183338694,2076-2100-A1FI
3068153,Euphorbia platyphyllos,Cfb,Temperate oceanic climate,5049,6599,0.7651159266555538,2071-2100_Beck
2882758,Gaultheria shallon,Cfb,Temperate oceanic climate,4746,13867,0.34225138818778394,2071-2100_Beck
3068153,Euphorbia platyphyllos,Cfb,Temperate oceanic climate,5049,6599,0.7651159266555538,2001-2025-A1FI
2882758,Gaultheria shallon,Cfb,Temperate oceanic climate,4746,13867,0.34225138818778394,2001-2025-A1FI
3068153,Euphorbia platyphyllos,Cfb,Temperate oceanic climate,5049,6599,0.7651159266555538,2026-2050-A1FI
2882758,Gaultheria shallon,Cfb,Temperate oceanic climate,4746,13867,0.34225138818778394,2026-2050-A1FI
3068153,Euphorbia platyphyllos,Cfb,Temperate oceanic climate,5049,6599,0.7651159266555538,2051-2075-A1FI
2882758,Gaultheria shallon,Cfb,Temperate oceanic climate,4746,13867,0.34225138818778394,2051-2075-A1FI
5371712,Nandina domestica,Cfa,Humid subtropical climate,11457,13099,0.8746469196121841,2071-2100_Beck
5371712,Nandina domestica,Cfa,Humid subtropical climate,11457,13099,0.8746469196121841,2051-2075-A1FI
5371712,Nandina domestica,Cfa,Humid subtropical climate,11457,13099,0.8746469196121841,2076-2100-A1FI
2713316,Isolepis cernua,Cfb,Temperate oceanic climate,4007,7757,0.5165656826092562,2071-2100_Beck
5384774,Silene conica,Cfb,Temperate oceanic climate,5298,7564,0.7004230565838181,2071-2100_Beck
2713316,Isolepis cernua,Cfb,Temperate oceanic climate,4007,7757,0.5165656826092562,2001-2025-A1FI
5384774,Silene conica,Cfb,Temperate oceanic climate,5298,7564,0.7004230565838181,2001-2025-A1FI
2713316,Isolepis cernua,Cfb,Temperate oceanic climate,4007,7757,0.5165656826092562,2026-2050-A1FI
5384774,Silene conica,Cfb,Temperate oceanic climate,5298,7564,0.7004230565838181,2026-2050-A1FI
2713316,Isolepis cernua,Cfb,Temperate oceanic climate,4007,7757,0.5165656826092562,2051-2075-A1FI
5384774,Silene conica,Cfb,Temperate oceanic climate,5298,7564,0.7004230565838181,2051-2075-A1FI
3921447,Aquilegia atrata,Cfb,Temperate oceanic climate,2665,8599,0.3099197581114083,2071-2100_Beck
3921447,Aquilegia atrata,Cfb,Temperate oceanic climate,2665,8599,0.3099197581114083,2001-2025-A1FI
3921447,Aquilegia atrata,Cfb,Temperate oceanic climate,2665,8599,0.3099197581114083,2026-2050-A1FI
3921447,Aquilegia atrata,Cfb,Temperate oceanic climate,2665,8599,0.3099197581114083,2051-2075-A1FI
3068845,Euphorbia falcata,Cfb,Temperate oceanic climate,1978,5315,0.37215428033866416,2071-2100_Beck
6363863,Arenaria montana,Cfb,Temperate oceanic climate,2941,5265,0.5585944919278253,2071-2100_Beck
3068845,Euphorbia falcata,Cfb,Temperate oceanic climate,1978,5315,0.37215428033866416,2001-2025-A1FI
6363863,Arenaria montana,Cfb,Temperate oceanic climate,2941,5265,0.5585944919278253,2001-2025-A1FI
3068845,Euphorbia falcata,Cfb,Temperate oceanic climate,1978,5315,0.37215428033866416,2026-2050-A1FI
6363863,Arenaria montana,Cfb,Temperate oceanic climate,2941,5265,0.5585944919278253,2026-2050-A1FI
3068845,Euphorbia falcata,Cfb,Temperate oceanic climate,1978,5315,0.37215428033866416,2051-2075-A1FI
6363863,Arenaria montana,Cfb,Temperate oceanic climate,2941,5265,0.5585944919278253,2051-2075-A1FI
7225874,Euphorbia falcata,Csa,Hot-summer Mediterranean climate,1588,5315,0.29877704609595485,2076-2100-A1FI
3084027,Rivina humilis,Cfa,Humid subtropical climate,3880,10918,0.3553764425718996,2071-2100_Beck
3084027,Rivina humilis,Cfa,Humid subtropical climate,3880,10918,0.3553764425718996,2051-2075-A1FI
3084027,Rivina humilis,Cfa,Humid subtropical climate,3880,10918,0.3553764425718996,2076-2100-A1FI
5330776,Colocasia esculenta,Cfa,Humid subtropical climate,2611,6715,0.38883097542814593,2071-2100_Beck
5330776,Colocasia esculenta,Cfa,Humid subtropical climate,2611,6715,0.38883097542814593,2051-2075-A1FI
5330776,Colocasia esculenta,Cfa,Humid subtropical climate,2611,6715,0.38883097542814593,2076-2100-A1FI
3149965,Crupina vulgaris,Csa,Hot-summer Mediterranean climate,2215,5459,0.4057519692251328,2076-2100-A1FI
2882404,Ceratophyllum submersum,Cfb,Temperate oceanic climate,4917,6768,0.7265070921985816,2071-2100_Beck
2873874,Linum trigynum,Cfb,Temperate oceanic climate,1467,4919,0.2982313478349258,2071-2100_Beck
2882404,Ceratophyllum submersum,Cfb,Temperate oceanic climate,4917,6768,0.7265070921985816,2001-2025-A1FI
2873874,Linum trigynum,Cfb,Temperate oceanic climate,1467,4919,0.2982313478349258,2001-2025-A1FI
2882404,Ceratophyllum submersum,Cfb,Temperate oceanic climate,4917,6768,0.7265070921985816,2026-2050-A1FI
2873874,Linum trigynum,Cfb,Temperate oceanic climate,1467,4919,0.2982313478349258,2026-2050-A1FI
2882404,Ceratophyllum submersum,Cfb,Temperate oceanic climate,4917,6768,0.7265070921985816,2051-2075-A1FI
2873874,Linum trigynum,Cfb,Temperate oceanic climate,1467,4919,0.2982313478349258,2051-2075-A1FI
2873874,Linum trigynum,Csa,Hot-summer Mediterranean climate,1766,4919,0.3590160601748323,2076-2100-A1FI
2704468,Stipa tenacissima,Csa,Hot-summer Mediterranean climate,1328,6494,0.20449645826917154,2076-2100-A1FI
2705682,Mibora minima,Cfb,Temperate oceanic climate,4171,5220,0.7990421455938698,2071-2100_Beck
3054399,Triadica sebifera,Cfa,Humid subtropical climate,8421,9074,0.928036147233855,2071-2100_Beck
2705682,Mibora minima,Cfb,Temperate oceanic climate,4171,5220,0.7990421455938698,2001-2025-A1FI
2705682,Mibora minima,Cfb,Temperate oceanic climate,4171,5220,0.7990421455938698,2026-2050-A1FI
2705682,Mibora minima,Cfb,Temperate oceanic climate,4171,5220,0.7990421455938698,2051-2075-A1FI
3054399,Triadica sebifera,Cfa,Humid subtropical climate,8421,9074,0.928036147233855,2051-2075-A1FI
3054399,Triadica sebifera,Cfa,Humid subtropical climate,8421,9074,0.928036147233855,2076-2100-A1FI
3158788,Legousia hybrida,Cfb,Temperate oceanic climate,3359,4718,0.711954217888936,2071-2100_Beck
3116842,Sphagneticola trilobata,Cfa,Humid subtropical climate,2415,9586,0.25192989776757774,2071-2100_Beck
3158788,Legousia hybrida,Cfb,Temperate oceanic climate,3359,4718,0.711954217888936,2001-2025-A1FI
3158788,Legousia hybrida,Cfb,Temperate oceanic climate,3359,4718,0.711954217888936,2026-2050-A1FI
3158788,Legousia hybrida,Cfb,Temperate oceanic climate,3359,4718,0.711954217888936,2051-2075-A1FI
3116842,Sphagneticola trilobata,Cfa,Humid subtropical climate,2415,9586,0.25192989776757774,2051-2075-A1FI
3116842,Sphagneticola trilobata,Cfa,Humid subtropical climate,2415,9586,0.25192989776757774,2076-2100-A1FI
3626311,Oxalis exilis,Cfb,Temperate oceanic climate,5807,8548,0.6793401965372017,2071-2100_Beck
3152253,Urena lobata,Cfa,Humid subtropical climate,2345,7040,0.3330965909090909,2071-2100_Beck
3626311,Oxalis exilis,Cfa,Humid subtropical climate,1908,8548,0.2232101076275152,2071-2100_Beck
3626311,Oxalis exilis,Cfb,Temperate oceanic climate,5807,8548,0.6793401965372017,2001-2025-A1FI
3626311,Oxalis exilis,Cfb,Temperate oceanic climate,5807,8548,0.6793401965372017,2026-2050-A1FI
3626311,Oxalis exilis,Cfb,Temperate oceanic climate,5807,8548,0.6793401965372017,2051-2075-A1FI
3152253,Urena lobata,Cfa,Humid subtropical climate,2345,7040,0.3330965909090909,2051-2075-A1FI
3626311,Oxalis exilis,Cfa,Humid subtropical climate,1908,8548,0.2232101076275152,2051-2075-A1FI
3152253,Urena lobata,Cfa,Humid subtropical climate,2345,7040,0.3330965909090909,2076-2100-A1FI
3626311,Oxalis exilis,Cfa,Humid subtropical climate,1908,8548,0.2232101076275152,2076-2100-A1FI
8407438,Aconitum variegatum,Cfb,Temperate oceanic climate,1747,4772,0.36609388097233864,2071-2100_Beck
5400613,Ageratina adenophora,Cfa,Humid subtropical climate,3426,8020,0.42718204488778055,2071-2100_Beck
8407438,Aconitum variegatum,Cfb,Temperate oceanic climate,1747,4772,0.36609388097233864,2001-2025-A1FI
8407438,Aconitum variegatum,Cfb,Temperate oceanic climate,1747,4772,0.36609388097233864,2026-2050-A1FI
8407438,Aconitum variegatum,Cfb,Temperate oceanic climate,1747,4772,0.36609388097233864,2051-2075-A1FI
5400613,Ageratina adenophora,Cfa,Humid subtropical climate,3426,8020,0.42718204488778055,2051-2075-A1FI
5400613,Ageratina adenophora,Cfa,Humid subtropical climate,3426,8020,0.42718204488778055,2076-2100-A1FI
3083932,Chenopodium vulvaria,Cfb,Temperate oceanic climate,1901,3572,0.5321948488241881,2071-2100_Beck
5415832,Melaleuca quinquenervia,Cfa,Humid subtropical climate,4825,5669,0.8511201270065267,2071-2100_Beck
3083932,Chenopodium vulvaria,Cfb,Temperate oceanic climate,1901,3572,0.5321948488241881,2001-2025-A1FI
3083932,Chenopodium vulvaria,Cfb,Temperate oceanic climate,1901,3572,0.5321948488241881,2026-2050-A1FI
3083932,Chenopodium vulvaria,Cfb,Temperate oceanic climate,1901,3572,0.5321948488241881,2051-2075-A1FI
5415832,Melaleuca quinquenervia,Cfa,Humid subtropical climate,4825,5669,0.8511201270065267,2051-2075-A1FI
5415832,Melaleuca quinquenervia,Cfa,Humid subtropical climate,4825,5669,0.8511201270065267,2076-2100-A1FI
3048782,Calepina irregularis,Cfb,Temperate oceanic climate,1770,3907,0.45303301766060916,2071-2100_Beck
3048782,Calepina irregularis,Cfb,Temperate oceanic climate,1770,3907,0.45303301766060916,2001-2025-A1FI
3048782,Calepina irregularis,Cfb,Temperate oceanic climate,1770,3907,0.45303301766060916,2026-2050-A1FI
3048782,Calepina irregularis,Cfb,Temperate oceanic climate,1770,3907,0.45303301766060916,2051-2075-A1FI
5359250,Trifolium micranthum,Cfb,Temperate oceanic climate,4668,5219,0.8944242191990803,2071-2100_Beck
5359250,Trifolium micranthum,Cfb,Temperate oceanic climate,4668,5219,0.8944242191990803,2001-2025-A1FI
5359250,Trifolium micranthum,Cfb,Temperate oceanic climate,4668,5219,0.8944242191990803,2026-2050-A1FI
5359250,Trifolium micranthum,Cfb,Temperate oceanic climate,4668,5219,0.8944242191990803,2051-2075-A1FI
2978552,Acacia saligna,Csa,Hot-summer Mediterranean climate,1997,6877,0.29038825069070817,2076-2100-A1FI
2706080,Andropogon virginicus,Cfa,Humid subtropical climate,5650,7027,0.804041554005977,2071-2100_Beck
2858846,Narcissus bulbocodium,Cfb,Temperate oceanic climate,693,3162,0.21916508538899432,2071-2100_Beck
2858846,Narcissus bulbocodium,Cfb,Temperate oceanic climate,693,3162,0.21916508538899432,2001-2025-A1FI
2858846,Narcissus bulbocodium,Cfb,Temperate oceanic climate,693,3162,0.21916508538899432,2026-2050-A1FI
2706080,Andropogon virginicus,Cfa,Humid subtropical climate,5650,7027,0.804041554005977,2051-2075-A1FI
2858846,Narcissus bulbocodium,Cfb,Temperate oceanic climate,693,3162,0.21916508538899432,2051-2075-A1FI
2706080,Andropogon virginicus,Cfa,Humid subtropical climate,5650,7027,0.804041554005977,2076-2100-A1FI
6314257,Narcissus bulbocodium,Csa,Hot-summer Mediterranean climate,1067,3162,0.33744465528146744,2076-2100-A1FI
5333409,Erica lusitanica,Cfb,Temperate oceanic climate,2569,3356,0.7654946364719905,2071-2100_Beck
5333409,Erica lusitanica,Cfb,Temperate oceanic climate,2569,3356,0.7654946364719905,2001-2025-A1FI
5333409,Erica lusitanica,Cfb,Temperate oceanic climate,2569,3356,0.7654946364719905,2026-2050-A1FI
5333409,Erica lusitanica,Cfb,Temperate oceanic climate,2569,3356,0.7654946364719905,2051-2075-A1FI
2684030,Cupressus sempervirens,Csa,Hot-summer Mediterranean climate,2256,4818,0.46824408468244083,2076-2100-A1FI
5356841,Lotus subbiflorus,Cfb,Temperate oceanic climate,2389,5063,0.47185463164131936,2071-2100_Beck
8028512,Saxifraga hypnoides,Cfb,Temperate oceanic climate,3070,4598,0.6676816006959547,2071-2100_Beck
5356841,Lotus subbiflorus,Cfb,Temperate oceanic climate,2389,5063,0.47185463164131936,2001-2025-A1FI
8028512,Saxifraga hypnoides,Cfb,Temperate oceanic climate,3070,4598,0.6676816006959547,2001-2025-A1FI
5356841,Lotus subbiflorus,Cfb,Temperate oceanic climate,2389,5063,0.47185463164131936,2026-2050-A1FI
8028512,Saxifraga hypnoides,Cfb,Temperate oceanic climate,3070,4598,0.6676816006959547,2026-2050-A1FI
5356841,Lotus subbiflorus,Cfb,Temperate oceanic climate,2389,5063,0.47185463164131936,2051-2075-A1FI
8028512,Saxifraga hypnoides,Cfb,Temperate oceanic climate,3070,4598,0.6676816006959547,2051-2075-A1FI
5356841,Lotus subbiflorus,Csa,Hot-summer Mediterranean climate,1191,5063,0.2352360260714991,2076-2100-A1FI
2702870,Stenotaphrum secundatum,Cfb,Temperate oceanic climate,1366,5911,0.2310945694467941,2071-2100_Beck
2702870,Stenotaphrum secundatum,Cfa,Humid subtropical climate,2557,5911,0.43258331923532395,2071-2100_Beck
3146888,Erigeron glaucus,Cfb,Temperate oceanic climate,2951,6319,0.46700427282797913,2071-2100_Beck
2702870,Stenotaphrum secundatum,Cfb,Temperate oceanic climate,1366,5911,0.2310945694467941,2001-2025-A1FI
3146888,Erigeron glaucus,Cfb,Temperate oceanic climate,2951,6319,0.46700427282797913,2001-2025-A1FI
2702870,Stenotaphrum secundatum,Cfb,Temperate oceanic climate,1366,5911,0.2310945694467941,2026-2050-A1FI
3146888,Erigeron glaucus,Cfb,Temperate oceanic climate,2951,6319,0.46700427282797913,2026-2050-A1FI
2702870,Stenotaphrum secundatum,Cfb,Temperate oceanic climate,1366,5911,0.2310945694467941,2051-2075-A1FI
2702870,Stenotaphrum secundatum,Cfa,Humid subtropical climate,2557,5911,0.43258331923532395,2051-2075-A1FI
3146888,Erigeron glaucus,Cfb,Temperate oceanic climate,2951,6319,0.46700427282797913,2051-2075-A1FI
2702870,Stenotaphrum secundatum,Cfa,Humid subtropical climate,2557,5911,0.43258331923532395,2076-2100-A1FI
4156114,Plantago bellardii,Csa,Hot-summer Mediterranean climate,1593,2881,0.5529330093717459,2076-2100-A1FI
2974863,Vicia onobrychioides,Cfb,Temperate oceanic climate,986,3828,0.25757575757575757,2071-2100_Beck
2974863,Vicia onobrychioides,Cfb,Temperate oceanic climate,986,3828,0.25757575757575757,2001-2025-A1FI
2974863,Vicia onobrychioides,Cfb,Temperate oceanic climate,986,3828,0.25757575757575757,2026-2050-A1FI
2974863,Vicia onobrychioides,Cfb,Temperate oceanic climate,986,3828,0.25757575757575757,2051-2075-A1FI
3134183,Delairea odorata,Cfb,Temperate oceanic climate,2014,5755,0.34995655951346655,2071-2100_Beck
3134183,Delairea odorata,Cfb,Temperate oceanic climate,2014,5755,0.34995655951346655,2001-2025-A1FI
3134183,Delairea odorata,Cfb,Temperate oceanic climate,2014,5755,0.34995655951346655,2026-2050-A1FI
3134183,Delairea odorata,Cfb,Temperate oceanic climate,2014,5755,0.34995655951346655,2051-2075-A1FI
5348633,Coronilla valentina,Csa,Hot-summer Mediterranean climate,1560,2734,0.570592538405267,2076-2100-A1FI
7314246,Paronychia kapela,Cfb,Temperate oceanic climate,1035,2418,0.4280397022332506,2071-2100_Beck
7314246,Paronychia kapela,Cfb,Temperate oceanic climate,1035,2418,0.4280397022332506,2001-2025-A1FI
7314246,Paronychia kapela,Cfb,Temperate oceanic climate,1035,2418,0.4280397022332506,2026-2050-A1FI
7314246,Paronychia kapela,Cfb,Temperate oceanic climate,1035,2418,0.4280397022332506,2051-2075-A1FI
3169315,Cyclamen purpurascens,Cfb,Temperate oceanic climate,1317,4135,0.3185006045949214,2071-2100_Beck
3082279,Ceratostigma plumbaginoides,Cfb,Temperate oceanic climate,3954,6235,0.6341619887730553,2071-2100_Beck
3169315,Cyclamen purpurascens,Cfb,Temperate oceanic climate,1317,4135,0.3185006045949214,2001-2025-A1FI
3082279,Ceratostigma plumbaginoides,Cfb,Temperate oceanic climate,3954,6235,0.6341619887730553,2001-2025-A1FI
3169315,Cyclamen purpurascens,Cfb,Temperate oceanic climate,1317,4135,0.3185006045949214,2026-2050-A1FI
3082279,Ceratostigma plumbaginoides,Cfb,Temperate oceanic climate,3954,6235,0.6341619887730553,2026-2050-A1FI
3169315,Cyclamen purpurascens,Cfb,Temperate oceanic climate,1317,4135,0.3185006045949214,2051-2075-A1FI
3082279,Ceratostigma plumbaginoides,Cfb,Temperate oceanic climate,3954,6235,0.6341619887730553,2051-2075-A1FI
3083508,Anredera cordifolia,Cfa,Humid subtropical climate,1922,4945,0.388675429726997,2071-2100_Beck
3083508,Anredera cordifolia,Cfa,Humid subtropical climate,1922,4945,0.388675429726997,2051-2075-A1FI
3083508,Anredera cordifolia,Cfa,Humid subtropical climate,1922,4945,0.388675429726997,2076-2100-A1FI
5562956,Linaria arvensis,Cfb,Temperate oceanic climate,965,2257,0.42755870624723086,2071-2100_Beck
5562956,Linaria arvensis,Cfb,Temperate oceanic climate,965,2257,0.42755870624723086,2001-2025-A1FI
5562956,Linaria arvensis,Cfb,Temperate oceanic climate,965,2257,0.42755870624723086,2026-2050-A1FI
5562956,Linaria arvensis,Cfb,Temperate oceanic climate,965,2257,0.42755870624723086,2051-2075-A1FI
5562956,Linaria arvensis,Csa,Hot-summer Mediterranean climate,455,2257,0.20159503766061143,2076-2100-A1FI
3176743,Eucalyptus robusta,Cfa,Humid subtropical climate,3413,3956,0.8627401415571284,2071-2100_Beck
2891772,Impatiens walleriana,Cfa,Humid subtropical climate,1563,5223,0.29925330269959793,2071-2100_Beck
3176743,Eucalyptus robusta,Cfa,Humid subtropical climate,3413,3956,0.8627401415571284,2051-2075-A1FI
2891772,Impatiens walleriana,Cfa,Humid subtropical climate,1563,5223,0.29925330269959793,2051-2075-A1FI
3176743,Eucalyptus robusta,Cfa,Humid subtropical climate,3413,3956,0.8627401415571284,2076-2100-A1FI
2891772,Impatiens walleriana,Cfa,Humid subtropical climate,1563,5223,0.29925330269959793,2076-2100-A1FI
7886077,Linaria pelisseriana,Cfb,Temperate oceanic climate,1094,2798,0.3909935668334525,2071-2100_Beck
2974988,Vicia pisiformis,Cfb,Temperate oceanic climate,1303,2818,0.4623846699787083,2071-2100_Beck
7886077,Linaria pelisseriana,Cfb,Temperate oceanic climate,1094,2798,0.3909935668334525,2001-2025-A1FI
2974988,Vicia pisiformis,Cfb,Temperate oceanic climate,1303,2818,0.4623846699787083,2001-2025-A1FI
7886077,Linaria pelisseriana,Cfb,Temperate oceanic climate,1094,2798,0.3909935668334525,2026-2050-A1FI
2974988,Vicia pisiformis,Cfb,Temperate oceanic climate,1303,2818,0.4623846699787083,2026-2050-A1FI
7886077,Linaria pelisseriana,Cfb,Temperate oceanic climate,1094,2798,0.3909935668334525,2051-2075-A1FI
2974988,Vicia pisiformis,Cfb,Temperate oceanic climate,1303,2818,0.4623846699787083,2051-2075-A1FI
7886077,Linaria pelisseriana,Csa,Hot-summer Mediterranean climate,945,2798,0.33774124374553255,2076-2100-A1FI
3172071,Veronica opaca,Cfb,Temperate oceanic climate,1467,3010,0.48737541528239203,2071-2100_Beck
3172071,Veronica opaca,Cfb,Temperate oceanic climate,1467,3010,0.48737541528239203,2001-2025-A1FI
3172071,Veronica opaca,Cfb,Temperate oceanic climate,1467,3010,0.48737541528239203,2026-2050-A1FI
3172071,Veronica opaca,Cfb,Temperate oceanic climate,1467,3010,0.48737541528239203,2051-2075-A1FI
2874497,Bryonia alba,Cfb,Temperate oceanic climate,972,2664,0.36486486486486486,2071-2100_Beck
2874497,Bryonia alba,Cfb,Temperate oceanic climate,972,2664,0.36486486486486486,2001-2025-A1FI
2874497,Bryonia alba,Cfb,Temperate oceanic climate,972,2664,0.36486486486486486,2026-2050-A1FI
2874497,Bryonia alba,Cfb,Temperate oceanic climate,972,2664,0.36486486486486486,2051-2075-A1FI
5384047,Opuntia humifusa,Cfa,Humid subtropical climate,1385,2710,0.511070110701107,2071-2100_Beck
5384047,Opuntia humifusa,Cfa,Humid subtropical climate,1385,2710,0.511070110701107,2051-2075-A1FI
5384047,Opuntia humifusa,Cfa,Humid subtropical climate,1385,2710,0.511070110701107,2076-2100-A1FI
2749912,Gladiolus illyricus,Csa,Hot-summer Mediterranean climate,617,2356,0.26188455008488964,2076-2100-A1FI
5555442,Myriophyllum crispatum,Cfb,Temperate oceanic climate,599,2051,0.29205265724037055,2071-2100_Beck
5555442,Myriophyllum crispatum,Cfb,Temperate oceanic climate,599,2051,0.29205265724037055,2001-2025-A1FI
5555442,Myriophyllum crispatum,Cfb,Temperate oceanic climate,599,2051,0.29205265724037055,2026-2050-A1FI
5555442,Myriophyllum crispatum,Cfb,Temperate oceanic climate,599,2051,0.29205265724037055,2051-2075-A1FI
3172407,Utricularia gibba,Cfa,Humid subtropical climate,734,3260,0.22515337423312884,2071-2100_Beck
3172407,Utricularia gibba,Cfa,Humid subtropical climate,734,3260,0.22515337423312884,2051-2075-A1FI
3172407,Utricularia gibba,Cfa,Humid subtropical climate,734,3260,0.22515337423312884,2076-2100-A1FI
3682678,Ligustrum obtusifolium,Cfa,Humid subtropical climate,1391,3655,0.3805745554035568,2071-2100_Beck
3682678,Ligustrum obtusifolium,Cfa,Humid subtropical climate,1391,3655,0.3805745554035568,2051-2075-A1FI
6431296,Saccharum ravennae,Csa,Hot-summer Mediterranean climate,1142,2004,0.5698602794411177,2076-2100-A1FI
3682678,Ligustrum obtusifolium,Cfa,Humid subtropical climate,1391,3655,0.3805745554035568,2076-2100-A1FI
5274875,Marsilea quadrifolia,Cfb,Temperate oceanic climate,1086,1744,0.6227064220183486,2071-2100_Beck
3056055,Acalypha virginica,Cfa,Humid subtropical climate,820,1295,0.6332046332046332,2071-2100_Beck
5274875,Marsilea quadrifolia,Cfb,Temperate oceanic climate,1086,1744,0.6227064220183486,2001-2025-A1FI
5274875,Marsilea quadrifolia,Cfb,Temperate oceanic climate,1086,1744,0.6227064220183486,2026-2050-A1FI
5274875,Marsilea quadrifolia,Cfb,Temperate oceanic climate,1086,1744,0.6227064220183486,2051-2075-A1FI
3056055,Acalypha virginica,Cfa,Humid subtropical climate,820,1295,0.6332046332046332,2051-2075-A1FI
3056055,Acalypha virginica,Cfa,Humid subtropical climate,820,1295,0.6332046332046332,2076-2100-A1FI
2974981,Vicia disperma,Csa,Hot-summer Mediterranean climate,1190,1697,0.7012374779021803,2076-2100-A1FI
5830619,Dolichandra unguis-cati,Cfa,Humid subtropical climate,1346,3454,0.38969310943833235,2071-2100_Beck
5830619,Dolichandra unguis-cati,Cfa,Humid subtropical climate,1346,3454,0.38969310943833235,2051-2075-A1FI
5356937,Lotus cytisoides,Csa,Hot-summer Mediterranean climate,1399,2170,0.6447004608294931,2076-2100-A1FI
5830619,Dolichandra unguis-cati,Cfa,Humid subtropical climate,1346,3454,0.38969310943833235,2076-2100-A1FI
3092691,Soliva sessilis,Cfb,Temperate oceanic climate,861,3052,0.28211009174311924,2071-2100_Beck
3092691,Soliva sessilis,Cfa,Humid subtropical climate,1523,3052,0.4990170380078637,2071-2100_Beck
3092691,Soliva sessilis,Cfb,Temperate oceanic climate,861,3052,0.28211009174311924,2001-2025-A1FI
3092691,Soliva sessilis,Cfb,Temperate oceanic climate,861,3052,0.28211009174311924,2026-2050-A1FI
3092691,Soliva sessilis,Cfb,Temperate oceanic climate,861,3052,0.28211009174311924,2051-2075-A1FI
3092691,Soliva sessilis,Cfa,Humid subtropical climate,1523,3052,0.4990170380078637,2051-2075-A1FI
3092691,Soliva sessilis,Cfa,Humid subtropical climate,1523,3052,0.4990170380078637,2076-2100-A1FI
2977292,Ononis mitissima,Csa,Hot-summer Mediterranean climate,417,690,0.6043478260869565,2076-2100-A1FI
2925777,Heliotropium supinum,Csa,Hot-summer Mediterranean climate,436,1837,0.23734349482852476,2076-2100-A1FI
8118980,Salpichroa origanifolia,Cfb,Temperate oceanic climate,879,3274,0.2684789248625534,2071-2100_Beck
7467639,Ficus microcarpa,Cfa,Humid subtropical climate,779,2868,0.2716178521617852,2071-2100_Beck
8118980,Salpichroa origanifolia,Cfb,Temperate oceanic climate,879,3274,0.2684789248625534,2001-2025-A1FI
8118980,Salpichroa origanifolia,Cfb,Temperate oceanic climate,879,3274,0.2684789248625534,2026-2050-A1FI
8118980,Salpichroa origanifolia,Cfb,Temperate oceanic climate,879,3274,0.2684789248625534,2051-2075-A1FI
7467639,Ficus microcarpa,Cfa,Humid subtropical climate,779,2868,0.2716178521617852,2051-2075-A1FI
8118980,Salpichroa origanifolia,Csa,Hot-summer Mediterranean climate,979,3274,0.2990226023213195,2076-2100-A1FI
7467639,Ficus microcarpa,Cfa,Humid subtropical climate,779,2868,0.2716178521617852,2076-2100-A1FI
2985940,Kalanchoe delagoensis,Cfa,Humid subtropical climate,455,1213,0.3751030502885408,2071-2100_Beck
2985940,Kalanchoe delagoensis,Cfa,Humid subtropical climate,455,1213,0.3751030502885408,2051-2075-A1FI
2683969,Cupressus arizonica,Csa,Hot-summer Mediterranean climate,326,1301,0.25057647963105306,2076-2100-A1FI
2985940,Kalanchoe delagoensis,Cfa,Humid subtropical climate,455,1213,0.3751030502885408,2076-2100-A1FI
5290073,Alopecurus rendlei,Cfb,Temperate oceanic climate,1222,1338,0.9133034379671151,2071-2100_Beck
5290073,Alopecurus rendlei,Cfb,Temperate oceanic climate,1222,1338,0.9133034379671151,2001-2025-A1FI
5290073,Alopecurus rendlei,Cfb,Temperate oceanic climate,1222,1338,0.9133034379671151,2026-2050-A1FI
5290073,Alopecurus rendlei,Cfb,Temperate oceanic climate,1222,1338,0.9133034379671151,2051-2075-A1FI
4933568,Senecio angulatus,Csa,Hot-summer Mediterranean climate,1268,3131,0.4049824337272437,2076-2100-A1FI
2704120,Bothriochloa barbinodis,Csa,Hot-summer Mediterranean climate,672,2999,0.22407469156385462,2076-2100-A1FI
5653297,Dryopteris oreades,Cfb,Temperate oceanic climate,1368,2162,0.6327474560592045,2071-2100_Beck
5653297,Dryopteris oreades,Cfb,Temperate oceanic climate,1368,2162,0.6327474560592045,2001-2025-A1FI
5653297,Dryopteris oreades,Cfb,Temperate oceanic climate,1368,2162,0.6327474560592045,2026-2050-A1FI
5653297,Dryopteris oreades,Cfb,Temperate oceanic climate,1368,2162,0.6327474560592045,2051-2075-A1FI
3190381,Ruta chalepensis,Csa,Hot-summer Mediterranean climate,879,1720,0.5110465116279069,2076-2100-A1FI
6364219,Dianthus gratianopolitanus,Cfb,Temperate oceanic climate,1028,1597,0.6437069505322479,2071-2100_Beck
5305033,Kniphofia uvaria,Cfb,Temperate oceanic climate,1698,3348,0.507168458781362,2071-2100_Beck
6364219,Dianthus gratianopolitanus,Cfb,Temperate oceanic climate,1028,1597,0.6437069505322479,2001-2025-A1FI
5305033,Kniphofia uvaria,Cfb,Temperate oceanic climate,1698,3348,0.507168458781362,2001-2025-A1FI
6364219,Dianthus gratianopolitanus,Cfb,Temperate oceanic climate,1028,1597,0.6437069505322479,2026-2050-A1FI
5305033,Kniphofia uvaria,Cfb,Temperate oceanic climate,1698,3348,0.507168458781362,2026-2050-A1FI
6364219,Dianthus gratianopolitanus,Cfb,Temperate oceanic climate,1028,1597,0.6437069505322479,2051-2075-A1FI
5305033,Kniphofia uvaria,Cfb,Temperate oceanic climate,1698,3348,0.507168458781362,2051-2075-A1FI
5274863,Salvinia molesta,Cfa,Humid subtropical climate,648,2090,0.31004784688995213,2071-2100_Beck
5274863,Salvinia molesta,Cfa,Humid subtropical climate,648,2090,0.31004784688995213,2051-2075-A1FI
5274863,Salvinia molesta,Cfa,Humid subtropical climate,648,2090,0.31004784688995213,2076-2100-A1FI
2891773,Impatiens balsamina,Cfb,Temperate oceanic climate,723,3088,0.2341321243523316,2071-2100_Beck
2891773,Impatiens balsamina,Cfb,Temperate oceanic climate,723,3088,0.2341321243523316,2001-2025-A1FI
2891773,Impatiens balsamina,Cfb,Temperate oceanic climate,723,3088,0.2341321243523316,2026-2050-A1FI
2891773,Impatiens balsamina,Cfb,Temperate oceanic climate,723,3088,0.2341321243523316,2051-2075-A1FI
5356892,Lotus parviflorus,Csa,Hot-summer Mediterranean climate,1352,1774,0.762119503945885,2076-2100-A1FI
7544600,Viola suavis,Cfb,Temperate oceanic climate,651,1810,0.3596685082872928,2071-2100_Beck
7544600,Viola suavis,Cfb,Temperate oceanic climate,651,1810,0.3596685082872928,2001-2025-A1FI
7544600,Viola suavis,Cfb,Temperate oceanic climate,651,1810,0.3596685082872928,2026-2050-A1FI
7544600,Viola suavis,Cfb,Temperate oceanic climate,651,1810,0.3596685082872928,2051-2075-A1FI
5416458,Eugenia uniflora,Cfa,Humid subtropical climate,969,2531,0.3828526274199921,2071-2100_Beck
5416458,Eugenia uniflora,Cfa,Humid subtropical climate,969,2531,0.3828526274199921,2051-2075-A1FI
5416458,Eugenia uniflora,Cfa,Humid subtropical climate,969,2531,0.3828526274199921,2076-2100-A1FI
5289726,Cenchrus spinifex,Cfa,Humid subtropical climate,586,1303,0.44973138910207217,2071-2100_Beck
5289726,Cenchrus spinifex,Cfa,Humid subtropical climate,586,1303,0.44973138910207217,2051-2075-A1FI
5289726,Cenchrus spinifex,Cfa,Humid subtropical climate,586,1303,0.44973138910207217,2076-2100-A1FI
5356578,Lathyrus tingitanus,Csa,Hot-summer Mediterranean climate,894,2100,0.4257142857142857,2076-2100-A1FI
3085474,Cerastium siculum,Csa,Hot-summer Mediterranean climate,162,229,0.7074235807860262,2076-2100-A1FI
3034113,Calycanthus floridus,Cfa,Humid subtropical climate,2158,2787,0.7743092931467528,2071-2100_Beck
3034113,Calycanthus floridus,Cfa,Humid subtropical climate,2158,2787,0.7743092931467528,2051-2075-A1FI
3034113,Calycanthus floridus,Cfa,Humid subtropical climate,2158,2787,0.7743092931467528,2076-2100-A1FI
7792557,Tulipa agenensis,Csa,Hot-summer Mediterranean climate,268,306,0.8758169934640523,2076-2100-A1FI
2984652,Fatoua villosa,Cfa,Humid subtropical climate,1612,2438,0.6611977030352748,2071-2100_Beck
2984652,Fatoua villosa,Cfa,Humid subtropical climate,1612,2438,0.6611977030352748,2051-2075-A1FI
3094910,Onopordum illyricum,Csa,Hot-summer Mediterranean climate,1103,1748,0.6310068649885584,2076-2100-A1FI
2984652,Fatoua villosa,Cfa,Humid subtropical climate,1612,2438,0.6611977030352748,2076-2100-A1FI
10854717,Persicaria bistorta,Cfb,Temperate oceanic climate,1178,1780,0.6617977528089888,2071-2100_Beck
10854717,Persicaria bistorta,Cfb,Temperate oceanic climate,1178,1780,0.6617977528089888,2001-2025-A1FI
10854717,Persicaria bistorta,Cfb,Temperate oceanic climate,1178,1780,0.6617977528089888,2026-2050-A1FI
10854717,Persicaria bistorta,Cfb,Temperate oceanic climate,1178,1780,0.6617977528089888,2051-2075-A1FI
3034738,Bowlesia incana,Cfa,Humid subtropical climate,1223,2475,0.49414141414141416,2071-2100_Beck
3034738,Bowlesia incana,Cfa,Humid subtropical climate,1223,2475,0.49414141414141416,2051-2075-A1FI
3034738,Bowlesia incana,Cfa,Humid subtropical climate,1223,2475,0.49414141414141416,2076-2100-A1FI
3127841,Centaurea pullata,Csa,Hot-summer Mediterranean climate,1210,1612,0.750620347394541,2076-2100-A1FI
5357035,Lotus ornithopodioides,Csa,Hot-summer Mediterranean climate,1027,1491,0.6887994634473508,2076-2100-A1FI
2891720,Oxalis incarnata,Cfb,Temperate oceanic climate,1450,2297,0.631258162821071,2071-2100_Beck
2891720,Oxalis incarnata,Cfb,Temperate oceanic climate,1450,2297,0.631258162821071,2001-2025-A1FI
2891720,Oxalis incarnata,Cfb,Temperate oceanic climate,1450,2297,0.631258162821071,2026-2050-A1FI
2891720,Oxalis incarnata,Cfb,Temperate oceanic climate,1450,2297,0.631258162821071,2051-2075-A1FI
5354680,Chamaecytisus ratisbonensis,Cfb,Temperate oceanic climate,961,1504,0.6389627659574468,2071-2100_Beck
5354680,Chamaecytisus ratisbonensis,Cfb,Temperate oceanic climate,961,1504,0.6389627659574468,2001-2025-A1FI
5354680,Chamaecytisus ratisbonensis,Cfb,Temperate oceanic climate,961,1504,0.6389627659574468,2026-2050-A1FI
5354680,Chamaecytisus ratisbonensis,Cfb,Temperate oceanic climate,961,1504,0.6389627659574468,2051-2075-A1FI
4067922,Echium rosulatum,Csa,Hot-summer Mediterranean climate,106,328,0.3231707317073171,2076-2100-A1FI
4087920,Utricularia stygia,Cfb,Temperate oceanic climate,1028,1777,0.578503095104108,2071-2100_Beck
4087920,Utricularia stygia,Cfb,Temperate oceanic climate,1028,1777,0.578503095104108,2001-2025-A1FI
4087920,Utricularia stygia,Cfb,Temperate oceanic climate,1028,1777,0.578503095104108,2026-2050-A1FI
4087920,Utricularia stygia,Cfb,Temperate oceanic climate,1028,1777,0.578503095104108,2051-2075-A1FI
11381286,Lathyrus pannonicus,Cfb,Temperate oceanic climate,645,1108,0.5821299638989169,2071-2100_Beck
11381286,Lathyrus pannonicus,Cfb,Temperate oceanic climate,645,1108,0.5821299638989169,2001-2025-A1FI
11381286,Lathyrus pannonicus,Cfb,Temperate oceanic climate,645,1108,0.5821299638989169,2026-2050-A1FI
11381286,Lathyrus pannonicus,Cfb,Temperate oceanic climate,645,1108,0.5821299638989169,2051-2075-A1FI
3094841,Carpesium cernuum,Cfa,Humid subtropical climate,394,1135,0.347136563876652,2071-2100_Beck
3094841,Carpesium cernuum,Cfa,Humid subtropical climate,394,1135,0.347136563876652,2051-2075-A1FI
3094841,Carpesium cernuum,Cfa,Humid subtropical climate,394,1135,0.347136563876652,2076-2100-A1FI
2767432,Scilla peruviana,Csa,Hot-summer Mediterranean climate,459,636,0.7216981132075472,2076-2100-A1FI
5297966,Iris xiphium,Csa,Hot-summer Mediterranean climate,573,1146,0.5,2076-2100-A1FI
3119231,Helianthus pauciflorus,Cfb,Temperate oceanic climate,341,1315,0.25931558935361215,2071-2100_Beck
3119231,Helianthus pauciflorus,Cfb,Temperate oceanic climate,341,1315,0.25931558935361215,2001-2025-A1FI
3119231,Helianthus pauciflorus,Cfb,Temperate oceanic climate,341,1315,0.25931558935361215,2026-2050-A1FI
3119231,Helianthus pauciflorus,Cfb,Temperate oceanic climate,341,1315,0.25931558935361215,2051-2075-A1FI
6366105,Erodium aethiopicum,Csa,Hot-summer Mediterranean climate,357,520,0.6865384615384615,2076-2100-A1FI
2965085,Retama monosperma,Csa,Hot-summer Mediterranean climate,626,929,0.673842841765339,2076-2100-A1FI
3173273,Orobanche crenata,Csa,Hot-summer Mediterranean climate,588,954,0.6163522012578616,2076-2100-A1FI
4068359,Arceuthobium oxycedri,Cfb,Temperate oceanic climate,340,896,0.3794642857142857,2071-2100_Beck
4068359,Arceuthobium oxycedri,Cfb,Temperate oceanic climate,340,896,0.3794642857142857,2001-2025-A1FI
4068359,Arceuthobium oxycedri,Cfb,Temperate oceanic climate,340,896,0.3794642857142857,2026-2050-A1FI
4068359,Arceuthobium oxycedri,Cfb,Temperate oceanic climate,340,896,0.3794642857142857,2051-2075-A1FI
7315160,Fumaria schleicheri,Cfb,Temperate oceanic climate,284,1010,0.2811881188118812,2071-2100_Beck
7315160,Fumaria schleicheri,Cfb,Temperate oceanic climate,284,1010,0.2811881188118812,2001-2025-A1FI
7315160,Fumaria schleicheri,Cfb,Temperate oceanic climate,284,1010,0.2811881188118812,2026-2050-A1FI
7315160,Fumaria schleicheri,Cfb,Temperate oceanic climate,284,1010,0.2811881188118812,2051-2075-A1FI
8419745,Lagoecia cuminoides,Csa,Hot-summer Mediterranean climate,606,760,0.7973684210526316,2076-2100-A1FI
7323876,Cuscuta scandens,Cfb,Temperate oceanic climate,467,704,0.6633522727272727,2071-2100_Beck
2928626,Ipomoea sagittata,Cfa,Humid subtropical climate,755,1413,0.5343241330502477,2071-2100_Beck
7323876,Cuscuta scandens,Cfb,Temperate oceanic climate,467,704,0.6633522727272727,2001-2025-A1FI
7323876,Cuscuta scandens,Cfb,Temperate oceanic climate,467,704,0.6633522727272727,2026-2050-A1FI
7323876,Cuscuta scandens,Cfb,Temperate oceanic climate,467,704,0.6633522727272727,2051-2075-A1FI
2928626,Ipomoea sagittata,Cfa,Humid subtropical climate,755,1413,0.5343241330502477,2051-2075-A1FI
2928626,Ipomoea sagittata,Cfa,Humid subtropical climate,755,1413,0.5343241330502477,2076-2100-A1FI
7323876,Cuscuta scandens,Csa,Hot-summer Mediterranean climate,167,704,0.2372159090909091,2076-2100-A1FI
2970728,Sesbania punicea,Cfa,Humid subtropical climate,883,1530,0.5771241830065359,2071-2100_Beck
2970728,Sesbania punicea,Cfa,Humid subtropical climate,883,1530,0.5771241830065359,2051-2075-A1FI
2970728,Sesbania punicea,Cfa,Humid subtropical climate,883,1530,0.5771241830065359,2076-2100-A1FI
3636471,Hydrocotyle novae-zeelandiae,Cfb,Temperate oceanic climate,866,1400,0.6185714285714285,2071-2100_Beck
3141665,Roldana petasitis,Cfb,Temperate oceanic climate,474,1389,0.3412526997840173,2071-2100_Beck
3636471,Hydrocotyle novae-zeelandiae,Cfb,Temperate oceanic climate,866,1400,0.6185714285714285,2001-2025-A1FI
3141665,Roldana petasitis,Cfb,Temperate oceanic climate,474,1389,0.3412526997840173,2001-2025-A1FI
3636471,Hydrocotyle novae-zeelandiae,Cfb,Temperate oceanic climate,866,1400,0.6185714285714285,2026-2050-A1FI
3141665,Roldana petasitis,Cfb,Temperate oceanic climate,474,1389,0.3412526997840173,2026-2050-A1FI
3636471,Hydrocotyle novae-zeelandiae,Cfb,Temperate oceanic climate,866,1400,0.6185714285714285,2051-2075-A1FI
3141665,Roldana petasitis,Cfb,Temperate oceanic climate,474,1389,0.3412526997840173,2051-2075-A1FI
3141665,Roldana petasitis,Csa,Hot-summer Mediterranean climate,459,1389,0.3304535637149028,2076-2100-A1FI
3120129,Achillea pannonica,Cfb,Temperate oceanic climate,363,723,0.5020746887966805,2071-2100_Beck
3120129,Achillea pannonica,Cfb,Temperate oceanic climate,363,723,0.5020746887966805,2001-2025-A1FI
3120129,Achillea pannonica,Cfb,Temperate oceanic climate,363,723,0.5020746887966805,2026-2050-A1FI
3120129,Achillea pannonica,Cfb,Temperate oceanic climate,363,723,0.5020746887966805,2051-2075-A1FI
5401002,Leucanthemum maximum,Cfb,Temperate oceanic climate,511,843,0.6061684460260973,2071-2100_Beck
5401002,Leucanthemum maximum,Cfb,Temperate oceanic climate,511,843,0.6061684460260973,2001-2025-A1FI
5401002,Leucanthemum maximum,Cfb,Temperate oceanic climate,511,843,0.6061684460260973,2026-2050-A1FI
5401002,Leucanthemum maximum,Cfb,Temperate oceanic climate,511,843,0.6061684460260973,2051-2075-A1FI
7262092,Carduus bourgeanus,Csa,Hot-summer Mediterranean climate,264,502,0.5258964143426295,2076-2100-A1FI
3172261,Jasminum officinale,Cfb,Temperate oceanic climate,630,1151,0.5473501303214596,2071-2100_Beck
5404996,Olearia avicenniifolia,Cfb,Temperate oceanic climate,953,1314,0.7252663622526636,2071-2100_Beck
3172261,Jasminum officinale,Cfb,Temperate oceanic climate,630,1151,0.5473501303214596,2001-2025-A1FI
5404996,Olearia avicenniifolia,Cfb,Temperate oceanic climate,953,1314,0.7252663622526636,2001-2025-A1FI
3172261,Jasminum officinale,Cfb,Temperate oceanic climate,630,1151,0.5473501303214596,2026-2050-A1FI
5404996,Olearia avicenniifolia,Cfb,Temperate oceanic climate,953,1314,0.7252663622526636,2026-2050-A1FI
3172261,Jasminum officinale,Cfb,Temperate oceanic climate,630,1151,0.5473501303214596,2051-2075-A1FI
5404996,Olearia avicenniifolia,Cfb,Temperate oceanic climate,953,1314,0.7252663622526636,2051-2075-A1FI
2890739,Geranium versicolor,Cfb,Temperate oceanic climate,804,988,0.8137651821862348,2071-2100_Beck
2890739,Geranium versicolor,Cfb,Temperate oceanic climate,804,988,0.8137651821862348,2001-2025-A1FI
2890739,Geranium versicolor,Cfb,Temperate oceanic climate,804,988,0.8137651821862348,2026-2050-A1FI
2890739,Geranium versicolor,Cfb,Temperate oceanic climate,804,988,0.8137651821862348,2051-2075-A1FI
5329038,Sagittaria graminea,Cfa,Humid subtropical climate,543,1083,0.5013850415512465,2071-2100_Beck
3171919,Gratiola neglecta,Cfa,Humid subtropical climate,329,1088,0.3023897058823529,2071-2100_Beck
5329038,Sagittaria graminea,Cfa,Humid subtropical climate,543,1083,0.5013850415512465,2051-2075-A1FI
3171919,Gratiola neglecta,Cfa,Humid subtropical climate,329,1088,0.3023897058823529,2051-2075-A1FI
5329038,Sagittaria graminea,Cfa,Humid subtropical climate,543,1083,0.5013850415512465,2076-2100-A1FI
3171919,Gratiola neglecta,Cfa,Humid subtropical climate,329,1088,0.3023897058823529,2076-2100-A1FI
5384142,Opuntia monacantha,Cfa,Humid subtropical climate,258,1010,0.25544554455445545,2071-2100_Beck
5384142,Opuntia monacantha,Cfa,Humid subtropical climate,258,1010,0.25544554455445545,2051-2075-A1FI
5384142,Opuntia monacantha,Cfa,Humid subtropical climate,258,1010,0.25544554455445545,2076-2100-A1FI
5555409,Myriophyllum simulans,Cfb,Temperate oceanic climate,527,963,0.5472481827622014,2071-2100_Beck
5555409,Myriophyllum simulans,Cfb,Temperate oceanic climate,527,963,0.5472481827622014,2001-2025-A1FI
5555409,Myriophyllum simulans,Cfb,Temperate oceanic climate,527,963,0.5472481827622014,2026-2050-A1FI
5555409,Myriophyllum simulans,Cfb,Temperate oceanic climate,527,963,0.5472481827622014,2051-2075-A1FI
5330733,Orontium aquaticum,Cfa,Humid subtropical climate,794,1061,0.7483506126295947,2071-2100_Beck
5330733,Orontium aquaticum,Cfa,Humid subtropical climate,794,1061,0.7483506126295947,2051-2075-A1FI
5330733,Orontium aquaticum,Cfa,Humid subtropical climate,794,1061,0.7483506126295947,2076-2100-A1FI
2855486,Nothoscordum borbonicum,Cfa,Humid subtropical climate,508,953,0.5330535152151101,2071-2100_Beck
5290167,Phyllostachys aurea,Cfa,Humid subtropical climate,722,1034,0.6982591876208898,2071-2100_Beck
2855486,Nothoscordum borbonicum,Cfa,Humid subtropical climate,508,953,0.5330535152151101,2051-2075-A1FI
5290167,Phyllostachys aurea,Cfa,Humid subtropical climate,722,1034,0.6982591876208898,2051-2075-A1FI
2855486,Nothoscordum borbonicum,Cfa,Humid subtropical climate,508,953,0.5330535152151101,2076-2100-A1FI
5290167,Phyllostachys aurea,Cfa,Humid subtropical climate,722,1034,0.6982591876208898,2076-2100-A1FI
3703453,Carpobrotus glaucescens,Cfb,Temperate oceanic climate,291,1010,0.2881188118811881,2071-2100_Beck
3703453,Carpobrotus glaucescens,Cfa,Humid subtropical climate,612,1010,0.6059405940594059,2071-2100_Beck
3703453,Carpobrotus glaucescens,Cfb,Temperate oceanic climate,291,1010,0.2881188118811881,2001-2025-A1FI
3703453,Carpobrotus glaucescens,Cfb,Temperate oceanic climate,291,1010,0.2881188118811881,2026-2050-A1FI
3703453,Carpobrotus glaucescens,Cfb,Temperate oceanic climate,291,1010,0.2881188118811881,2051-2075-A1FI
3703453,Carpobrotus glaucescens,Cfa,Humid subtropical climate,612,1010,0.6059405940594059,2051-2075-A1FI
3703453,Carpobrotus glaucescens,Cfa,Humid subtropical climate,612,1010,0.6059405940594059,2076-2100-A1FI
3069282,Euphorbia davidii,Cfa,Humid subtropical climate,273,1036,0.2635135135135135,2071-2100_Beck
3069282,Euphorbia davidii,Cfa,Humid subtropical climate,273,1036,0.2635135135135135,2051-2075-A1FI
3069282,Euphorbia davidii,Cfa,Humid subtropical climate,273,1036,0.2635135135135135,2076-2100-A1FI
7298906,Fedia cornucopiae,Csa,Hot-summer Mediterranean climate,511,560,0.9125,2076-2100-A1FI
5391901,Bidens aristosa,Cfa,Humid subtropical climate,826,1040,0.7942307692307692,2071-2100_Beck
5391901,Bidens aristosa,Cfa,Humid subtropical climate,826,1040,0.7942307692307692,2051-2075-A1FI
5391901,Bidens aristosa,Cfa,Humid subtropical climate,826,1040,0.7942307692307692,2076-2100-A1FI
3120677,Artemisia arborescens,Csa,Hot-summer Mediterranean climate,355,698,0.5085959885386819,2076-2100-A1FI
2865181,Alisma subcordatum,Cfa,Humid subtropical climate,290,896,0.3236607142857143,2071-2100_Beck
3004645,Rosa setigera,Cfa,Humid subtropical climate,453,929,0.4876210979547901,2071-2100_Beck
2865181,Alisma subcordatum,Cfa,Humid subtropical climate,290,896,0.3236607142857143,2051-2075-A1FI
3004645,Rosa setigera,Cfa,Humid subtropical climate,453,929,0.4876210979547901,2051-2075-A1FI
2865181,Alisma subcordatum,Cfa,Humid subtropical climate,290,896,0.3236607142857143,2076-2100-A1FI
3004645,Rosa setigera,Cfa,Humid subtropical climate,453,929,0.4876210979547901,2076-2100-A1FI
4939681,Malva cretica,Csa,Hot-summer Mediterranean climate,304,495,0.6141414141414141,2076-2100-A1FI
2717329,Eleocharis bonariensis,Cfb,Temperate oceanic climate,265,464,0.5711206896551724,2071-2100_Beck
2717329,Eleocharis bonariensis,Cfb,Temperate oceanic climate,265,464,0.5711206896551724,2001-2025-A1FI
2717329,Eleocharis bonariensis,Cfb,Temperate oceanic climate,265,464,0.5711206896551724,2026-2050-A1FI
2717329,Eleocharis bonariensis,Cfb,Temperate oceanic climate,265,464,0.5711206896551724,2051-2075-A1FI
3084850,Disphyma crassifolium,Cfb,Temperate oceanic climate,255,752,0.3390957446808511,2071-2100_Beck
3084850,Disphyma crassifolium,Cfb,Temperate oceanic climate,255,752,0.3390957446808511,2001-2025-A1FI
3084850,Disphyma crassifolium,Cfb,Temperate oceanic climate,255,752,0.3390957446808511,2026-2050-A1FI
3084850,Disphyma crassifolium,Cfb,Temperate oceanic climate,255,752,0.3390957446808511,2051-2075-A1FI
5531376,Fumaria agraria,Csa,Hot-summer Mediterranean climate,299,526,0.5684410646387833,2076-2100-A1FI
7866225,Ranunculus macrophyllus,Csa,Hot-summer Mediterranean climate,427,550,0.7763636363636364,2076-2100-A1FI
4068166,Echium pininana,Cfb,Temperate oceanic climate,503,748,0.6724598930481284,2071-2100_Beck
4068166,Echium pininana,Cfb,Temperate oceanic climate,503,748,0.6724598930481284,2001-2025-A1FI
4068166,Echium pininana,Cfb,Temperate oceanic climate,503,748,0.6724598930481284,2026-2050-A1FI
4068166,Echium pininana,Cfb,Temperate oceanic climate,503,748,0.6724598930481284,2051-2075-A1FI
3094921,Onopordum nervosum,Csa,Hot-summer Mediterranean climate,156,306,0.5098039215686274,2076-2100-A1FI
2859976,Zephyranthes candida,Cfa,Humid subtropical climate,374,804,0.4651741293532338,2071-2100_Beck
2704793,Sporobolus neglectus,Cfa,Humid subtropical climate,129,521,0.2476007677543186,2071-2100_Beck
2859976,Zephyranthes candida,Cfa,Humid subtropical climate,374,804,0.4651741293532338,2051-2075-A1FI
2704793,Sporobolus neglectus,Cfa,Humid subtropical climate,129,521,0.2476007677543186,2051-2075-A1FI
2859976,Zephyranthes candida,Cfa,Humid subtropical climate,374,804,0.4651741293532338,2076-2100-A1FI
2704793,Sporobolus neglectus,Cfa,Humid subtropical climate,129,521,0.2476007677543186,2076-2100-A1FI
5298051,Iris unguicularis,Csa,Hot-summer Mediterranean climate,451,620,0.7274193548387097,2076-2100-A1FI
3640822,Daucus muricatus,Csa,Hot-summer Mediterranean climate,254,310,0.8193548387096774,2076-2100-A1FI
5403290,Crepis micrantha,Csa,Hot-summer Mediterranean climate,406,500,0.812,2076-2100-A1FI
3110580,Ambrosia tenuifolia,Cfa,Humid subtropical climate,277,472,0.586864406779661,2071-2100_Beck
9561762,Pelargonium peltatum,Cfb,Temperate oceanic climate,153,692,0.22109826589595374,2071-2100_Beck
9561762,Pelargonium peltatum,Cfb,Temperate oceanic climate,153,692,0.22109826589595374,2001-2025-A1FI
9561762,Pelargonium peltatum,Cfb,Temperate oceanic climate,153,692,0.22109826589595374,2026-2050-A1FI
3110580,Ambrosia tenuifolia,Cfa,Humid subtropical climate,277,472,0.586864406779661,2051-2075-A1FI
9561762,Pelargonium peltatum,Cfb,Temperate oceanic climate,153,692,0.22109826589595374,2051-2075-A1FI
3110580,Ambrosia tenuifolia,Cfa,Humid subtropical climate,277,472,0.586864406779661,2076-2100-A1FI
7122825,Rotala rotundifolia,Cfa,Humid subtropical climate,212,482,0.43983402489626555,2071-2100_Beck
7122825,Rotala rotundifolia,Cfa,Humid subtropical climate,212,482,0.43983402489626555,2051-2075-A1FI
7122825,Rotala rotundifolia,Cfa,Humid subtropical climate,212,482,0.43983402489626555,2076-2100-A1FI
9457492,Iris ensata,Cfa,Humid subtropical climate,167,568,0.29401408450704225,2071-2100_Beck
5587267,Arenaria balearica,Cfb,Temperate oceanic climate,306,494,0.6194331983805668,2071-2100_Beck
5587267,Arenaria balearica,Cfb,Temperate oceanic climate,306,494,0.6194331983805668,2001-2025-A1FI
5587267,Arenaria balearica,Cfb,Temperate oceanic climate,306,494,0.6194331983805668,2026-2050-A1FI
9457492,Iris ensata,Cfa,Humid subtropical climate,167,568,0.29401408450704225,2051-2075-A1FI
5587267,Arenaria balearica,Cfb,Temperate oceanic climate,306,494,0.6194331983805668,2051-2075-A1FI
9457492,Iris ensata,Cfa,Humid subtropical climate,167,568,0.29401408450704225,2076-2100-A1FI
5393593,Boltonia asteroides,Cfa,Humid subtropical climate,254,544,0.46691176470588236,2071-2100_Beck
8419686,Senecio glastifolius,Cfb,Temperate oceanic climate,575,621,0.9259259259259259,2071-2100_Beck
8419686,Senecio glastifolius,Cfb,Temperate oceanic climate,575,621,0.9259259259259259,2001-2025-A1FI
8419686,Senecio glastifolius,Cfb,Temperate oceanic climate,575,621,0.9259259259259259,2026-2050-A1FI
5393593,Boltonia asteroides,Cfa,Humid subtropical climate,254,544,0.46691176470588236,2051-2075-A1FI
8419686,Senecio glastifolius,Cfb,Temperate oceanic climate,575,621,0.9259259259259259,2051-2075-A1FI
5393593,Boltonia asteroides,Cfa,Humid subtropical climate,254,544,0.46691176470588236,2076-2100-A1FI
3063010,Mercurialis ovata,Cfb,Temperate oceanic climate,154,294,0.5238095238095238,2071-2100_Beck
2864584,Hydrocleys nymphoides,Cfa,Humid subtropical climate,137,484,0.2830578512396694,2071-2100_Beck
3063010,Mercurialis ovata,Cfb,Temperate oceanic climate,154,294,0.5238095238095238,2001-2025-A1FI
3063010,Mercurialis ovata,Cfb,Temperate oceanic climate,154,294,0.5238095238095238,2026-2050-A1FI
3063010,Mercurialis ovata,Cfb,Temperate oceanic climate,154,294,0.5238095238095238,2051-2075-A1FI
2864584,Hydrocleys nymphoides,Cfa,Humid subtropical climate,137,484,0.2830578512396694,2051-2075-A1FI
2864584,Hydrocleys nymphoides,Cfa,Humid subtropical climate,137,484,0.2830578512396694,2076-2100-A1FI
6063677,Gymnocoronis spilanthoides,Cfa,Humid subtropical climate,254,457,0.5557986870897156,2071-2100_Beck
6063677,Gymnocoronis spilanthoides,Cfb,Temperate oceanic climate,101,457,0.2210065645514223,2071-2100_Beck
6063677,Gymnocoronis spilanthoides,Cfb,Temperate oceanic climate,101,457,0.2210065645514223,2001-2025-A1FI
6063677,Gymnocoronis spilanthoides,Cfb,Temperate oceanic climate,101,457,0.2210065645514223,2026-2050-A1FI
6063677,Gymnocoronis spilanthoides,Cfa,Humid subtropical climate,254,457,0.5557986870897156,2051-2075-A1FI
6063677,Gymnocoronis spilanthoides,Cfb,Temperate oceanic climate,101,457,0.2210065645514223,2051-2075-A1FI
3134871,Catananche lutea,Csa,Hot-summer Mediterranean climate,186,213,0.8732394366197183,2076-2100-A1FI
6063677,Gymnocoronis spilanthoides,Cfa,Humid subtropical climate,254,457,0.5557986870897156,2076-2100-A1FI
2768503,Asparagus densiflorus,Cfa,Humid subtropical climate,142,499,0.2845691382765531,2071-2100_Beck
2768503,Asparagus densiflorus,Cfa,Humid subtropical climate,142,499,0.2845691382765531,2051-2075-A1FI
2768503,Asparagus densiflorus,Cfa,Humid subtropical climate,142,499,0.2845691382765531,2076-2100-A1FI
2808791,Bletilla striata,Cfa,Humid subtropical climate,251,466,0.5386266094420601,2071-2100_Beck
2808791,Bletilla striata,Cfa,Humid subtropical climate,251,466,0.5386266094420601,2051-2075-A1FI
2808791,Bletilla striata,Cfa,Humid subtropical climate,251,466,0.5386266094420601,2076-2100-A1FI
5402350,Dimorphotheca sinuata,Csa,Hot-summer Mediterranean climate,161,578,0.27854671280276816,2076-2100-A1FI
2746005,Hesperantha coccinea,Cfb,Temperate oceanic climate,194,479,0.40501043841336115,2071-2100_Beck
2746005,Hesperantha coccinea,Cfb,Temperate oceanic climate,194,479,0.40501043841336115,2001-2025-A1FI
2746005,Hesperantha coccinea,Cfb,Temperate oceanic climate,194,479,0.40501043841336115,2026-2050-A1FI
2746005,Hesperantha coccinea,Cfb,Temperate oceanic climate,194,479,0.40501043841336115,2051-2075-A1FI
5421394,Sarracenia psittacina,Cfa,Humid subtropical climate,553,562,0.9839857651245552,2071-2100_Beck
5421394,Sarracenia psittacina,Cfa,Humid subtropical climate,553,562,0.9839857651245552,2051-2075-A1FI
5421394,Sarracenia psittacina,Cfa,Humid subtropical climate,553,562,0.9839857651245552,2076-2100-A1FI
3191384,Polygala curtissii,Cfa,Humid subtropical climate,430,503,0.8548707753479126,2071-2100_Beck
5405423,Thymophylla tenuiloba,Cfa,Humid subtropical climate,233,505,0.4613861386138614,2071-2100_Beck
3191384,Polygala curtissii,Cfa,Humid subtropical climate,430,503,0.8548707753479126,2051-2075-A1FI
5405423,Thymophylla tenuiloba,Cfa,Humid subtropical climate,233,505,0.4613861386138614,2051-2075-A1FI
3191384,Polygala curtissii,Cfa,Humid subtropical climate,430,503,0.8548707753479126,2076-2100-A1FI
5405423,Thymophylla tenuiloba,Cfa,Humid subtropical climate,233,505,0.4613861386138614,2076-2100-A1FI
3679859,Convolvulus elegantissimus,Csa,Hot-summer Mediterranean climate,154,246,0.6260162601626016,2076-2100-A1FI
4059853,Echium arenarium,Csa,Hot-summer Mediterranean climate,128,318,0.4025157232704403,2076-2100-A1FI
7571428,Lathyrus grandiflorus,Cfb,Temperate oceanic climate,314,402,0.7810945273631841,2071-2100_Beck
7571428,Lathyrus grandiflorus,Cfb,Temperate oceanic climate,314,402,0.7810945273631841,2001-2025-A1FI
7571428,Lathyrus grandiflorus,Cfb,Temperate oceanic climate,314,402,0.7810945273631841,2026-2050-A1FI
7571428,Lathyrus grandiflorus,Cfb,Temperate oceanic climate,314,402,0.7810945273631841,2051-2075-A1FI
5405000,Olearia macrodonta,Cfb,Temperate oceanic climate,418,450,0.9288888888888889,2071-2100_Beck
5405000,Olearia macrodonta,Cfb,Temperate oceanic climate,418,450,0.9288888888888889,2001-2025-A1FI
5405000,Olearia macrodonta,Cfb,Temperate oceanic climate,418,450,0.9288888888888889,2026-2050-A1FI
5405000,Olearia macrodonta,Cfb,Temperate oceanic climate,418,450,0.9288888888888889,2051-2075-A1FI
8059665,Achillea crithmifolia,Cfb,Temperate oceanic climate,97,372,0.260752688172043,2071-2100_Beck
2705356,Eragrostis trichodes,Cfa,Humid subtropical climate,173,393,0.4402035623409669,2071-2100_Beck
8059665,Achillea crithmifolia,Cfb,Temperate oceanic climate,97,372,0.260752688172043,2001-2025-A1FI
8059665,Achillea crithmifolia,Cfb,Temperate oceanic climate,97,372,0.260752688172043,2026-2050-A1FI
8059665,Achillea crithmifolia,Cfb,Temperate oceanic climate,97,372,0.260752688172043,2051-2075-A1FI
2705356,Eragrostis trichodes,Cfa,Humid subtropical climate,173,393,0.4402035623409669,2051-2075-A1FI
2705356,Eragrostis trichodes,Cfa,Humid subtropical climate,173,393,0.4402035623409669,2076-2100-A1FI
8059665,Achillea crithmifolia,Csa,Hot-summer Mediterranean climate,148,372,0.3978494623655914,2076-2100-A1FI
5326622,Tulbaghia violacea,Cfa,Humid subtropical climate,161,451,0.35698447893569846,2071-2100_Beck
5326622,Tulbaghia violacea,Cfa,Humid subtropical climate,161,451,0.35698447893569846,2051-2075-A1FI
5326622,Tulbaghia violacea,Cfa,Humid subtropical climate,161,451,0.35698447893569846,2076-2100-A1FI
2890983,Geranium maderense,Cfb,Temperate oceanic climate,197,352,0.5596590909090909,2071-2100_Beck
2890983,Geranium maderense,Cfb,Temperate oceanic climate,197,352,0.5596590909090909,2001-2025-A1FI
2890983,Geranium maderense,Cfb,Temperate oceanic climate,197,352,0.5596590909090909,2026-2050-A1FI
2890983,Geranium maderense,Cfb,Temperate oceanic climate,197,352,0.5596590909090909,2051-2075-A1FI
5617600,Alcea biennis,Csa,Hot-summer Mediterranean climate,228,279,0.8172043010752689,2076-2100-A1FI
3106784,Senecio deltoideus,Cfa,Humid subtropical climate,92,386,0.23834196891191708,2071-2100_Beck
5620382,Austrocylindropuntia cylindrica,Cfb,Temperate oceanic climate,146,413,0.35351089588377727,2071-2100_Beck
5620382,Austrocylindropuntia cylindrica,Cfb,Temperate oceanic climate,146,413,0.35351089588377727,2001-2025-A1FI
5620382,Austrocylindropuntia cylindrica,Cfb,Temperate oceanic climate,146,413,0.35351089588377727,2026-2050-A1FI
3106784,Senecio deltoideus,Cfa,Humid subtropical climate,92,386,0.23834196891191708,2051-2075-A1FI
5620382,Austrocylindropuntia cylindrica,Cfb,Temperate oceanic climate,146,413,0.35351089588377727,2051-2075-A1FI
3106784,Senecio deltoideus,Cfa,Humid subtropical climate,92,386,0.23834196891191708,2076-2100-A1FI
8237138,Moenchia mantica,Csa,Hot-summer Mediterranean climate,83,287,0.289198606271777,2076-2100-A1FI
10822357,Cistanche phelypaea,Csa,Hot-summer Mediterranean climate,243,421,0.5771971496437055,2076-2100-A1FI
5587867,Silene fuscata,Csa,Hot-summer Mediterranean climate,166,193,0.8601036269430051,2076-2100-A1FI
3631370,Kundmannia sicula,Csa,Hot-summer Mediterranean climate,150,194,0.7731958762886598,2076-2100-A1FI
8841683,Matricaria aurea,Csa,Hot-summer Mediterranean climate,36,109,0.3302752293577982,2076-2100-A1FI
4140233,Vulpia delicatula,Csa,Hot-summer Mediterranean climate,58,102,0.5686274509803921,2076-2100-A1FI
3171189,Bacopa caroliniana,Cfa,Humid subtropical climate,280,375,0.7466666666666667,2071-2100_Beck
3171189,Bacopa caroliniana,Cfa,Humid subtropical climate,280,375,0.7466666666666667,2051-2075-A1FI
5939846,Micropus supinus,Csa,Hot-summer Mediterranean climate,125,167,0.7485029940119761,2076-2100-A1FI
3171189,Bacopa caroliniana,Cfa,Humid subtropical climate,280,375,0.7466666666666667,2076-2100-A1FI
2972545,Onobrychis aequidentata,Csa,Hot-summer Mediterranean climate,207,337,0.6142433234421365,2076-2100-A1FI
5362012,Sedum praealtum,Cfb,Temperate oceanic climate,169,330,0.5121212121212121,2071-2100_Beck
3812695,Cerastium comatum,Cfb,Temperate oceanic climate,69,331,0.2084592145015106,2071-2100_Beck
5362012,Sedum praealtum,Cfb,Temperate oceanic climate,169,330,0.5121212121212121,2001-2025-A1FI
3812695,Cerastium comatum,Cfb,Temperate oceanic climate,69,331,0.2084592145015106,2001-2025-A1FI
5362012,Sedum praealtum,Cfb,Temperate oceanic climate,169,330,0.5121212121212121,2026-2050-A1FI
3812695,Cerastium comatum,Cfb,Temperate oceanic climate,69,331,0.2084592145015106,2026-2050-A1FI
5362012,Sedum praealtum,Cfb,Temperate oceanic climate,169,330,0.5121212121212121,2051-2075-A1FI
3812695,Cerastium comatum,Cfb,Temperate oceanic climate,69,331,0.2084592145015106,2051-2075-A1FI
3812695,Cerastium comatum,Csa,Hot-summer Mediterranean climate,167,331,0.5045317220543807,2076-2100-A1FI
3885499,Salvia tomentosa,Cfa,Humid subtropical climate,76,329,0.23100303951367782,2071-2100_Beck
3885499,Salvia tomentosa,Cfa,Humid subtropical climate,76,329,0.23100303951367782,2051-2075-A1FI
3158779,Legousia pentagonia,Csa,Hot-summer Mediterranean climate,140,192,0.7291666666666666,2076-2100-A1FI
3885499,Salvia tomentosa,Cfa,Humid subtropical climate,76,329,0.23100303951367782,2076-2100-A1FI
2977289,Ononis diffusa,Csa,Hot-summer Mediterranean climate,84,168,0.5,2076-2100-A1FI
2771988,Bellevalia trifoliata,Csa,Hot-summer Mediterranean climate,150,200,0.75,2076-2100-A1FI
3759530,Corispermum marschallii,Cfb,Temperate oceanic climate,125,225,0.5555555555555556,2071-2100_Beck
5537578,Angelica pachycarpa,Cfb,Temperate oceanic climate,163,191,0.8534031413612565,2071-2100_Beck
3759530,Corispermum marschallii,Cfb,Temperate oceanic climate,125,225,0.5555555555555556,2001-2025-A1FI
5537578,Angelica pachycarpa,Cfb,Temperate oceanic climate,163,191,0.8534031413612565,2001-2025-A1FI
3759530,Corispermum marschallii,Cfb,Temperate oceanic climate,125,225,0.5555555555555556,2026-2050-A1FI
5537578,Angelica pachycarpa,Cfb,Temperate oceanic climate,163,191,0.8534031413612565,2026-2050-A1FI
3759530,Corispermum marschallii,Cfb,Temperate oceanic climate,125,225,0.5555555555555556,2051-2075-A1FI
5537578,Angelica pachycarpa,Cfb,Temperate oceanic climate,163,191,0.8534031413612565,2051-2075-A1FI
8340805,Oenothera longiflora,Cfb,Temperate oceanic climate,85,230,0.3695652173913043,2071-2100_Beck
8340805,Oenothera longiflora,Cfb,Temperate oceanic climate,85,230,0.3695652173913043,2001-2025-A1FI
8340805,Oenothera longiflora,Cfb,Temperate oceanic climate,85,230,0.3695652173913043,2026-2050-A1FI
8340805,Oenothera longiflora,Cfb,Temperate oceanic climate,85,230,0.3695652173913043,2051-2075-A1FI
7392213,Fumaria kralikii,Csa,Hot-summer Mediterranean climate,68,281,0.24199288256227758,2076-2100-A1FI
8340805,Oenothera longiflora,Csa,Hot-summer Mediterranean climate,51,230,0.2217391304347826,2076-2100-A1FI
8049140,Aloysia citrodora,Cfb,Temperate oceanic climate,52,184,0.2826086956521739,2071-2100_Beck
5410181,Campanula alliariifolia,Cfb,Temperate oceanic climate,77,274,0.28102189781021897,2071-2100_Beck
8049140,Aloysia citrodora,Cfb,Temperate oceanic climate,52,184,0.2826086956521739,2001-2025-A1FI
5410181,Campanula alliariifolia,Cfb,Temperate oceanic climate,77,274,0.28102189781021897,2001-2025-A1FI
8049140,Aloysia citrodora,Cfb,Temperate oceanic climate,52,184,0.2826086956521739,2026-2050-A1FI
5410181,Campanula alliariifolia,Cfb,Temperate oceanic climate,77,274,0.28102189781021897,2026-2050-A1FI
8049140,Aloysia citrodora,Cfb,Temperate oceanic climate,52,184,0.2826086956521739,2051-2075-A1FI
5410181,Campanula alliariifolia,Cfb,Temperate oceanic climate,77,274,0.28102189781021897,2051-2075-A1FI
5329640,Limnobium spongia,Cfa,Humid subtropical climate,275,307,0.8957654723127035,2071-2100_Beck
5329640,Limnobium spongia,Cfa,Humid subtropical climate,275,307,0.8957654723127035,2051-2075-A1FI
5329640,Limnobium spongia,Cfa,Humid subtropical climate,275,307,0.8957654723127035,2076-2100-A1FI
3603047,Papaver apulum,Csa,Hot-summer Mediterranean climate,147,254,0.5787401574803149,2076-2100-A1FI
5329454,Najas gracillima,Cfa,Humid subtropical climate,60,220,0.2727272727272727,2071-2100_Beck
5329454,Najas gracillima,Cfa,Humid subtropical climate,60,220,0.2727272727272727,2051-2075-A1FI
5329454,Najas gracillima,Cfa,Humid subtropical climate,60,220,0.2727272727272727,2076-2100-A1FI
7691448,Anthemis tomentosa,Csa,Hot-summer Mediterranean climate,158,199,0.7939698492462312,2076-2100-A1FI
3883382,Ballota acetabulosa,Csa,Hot-summer Mediterranean climate,134,216,0.6203703703703703,2076-2100-A1FI
2781039,Hemerocallis citrina,Cfa,Humid subtropical climate,72,221,0.3257918552036199,2071-2100_Beck
2781039,Hemerocallis citrina,Cfa,Humid subtropical climate,72,221,0.3257918552036199,2051-2075-A1FI
2781039,Hemerocallis citrina,Cfa,Humid subtropical climate,72,221,0.3257918552036199,2076-2100-A1FI
7324560,Convolvulus betonicifolius,Csa,Hot-summer Mediterranean climate,107,151,0.7086092715231788,2076-2100-A1FI
5361977,Sedum mexicanum,Cfa,Humid subtropical climate,196,258,0.7596899224806202,2071-2100_Beck
5361977,Sedum mexicanum,Cfa,Humid subtropical climate,196,258,0.7596899224806202,2051-2075-A1FI
8321919,Silene bellidifolia,Csa,Hot-summer Mediterranean climate,90,108,0.8333333333333334,2076-2100-A1FI
5361977,Sedum mexicanum,Cfa,Humid subtropical climate,196,258,0.7596899224806202,2076-2100-A1FI
3118514,Tanacetum partheniifolium,Cfb,Temperate oceanic climate,36,171,0.21052631578947367,2071-2100_Beck
3118514,Tanacetum partheniifolium,Cfa,Humid subtropical climate,37,171,0.21637426900584794,2071-2100_Beck
3118514,Tanacetum partheniifolium,Cfb,Temperate oceanic climate,36,171,0.21052631578947367,2001-2025-A1FI
3118514,Tanacetum partheniifolium,Cfb,Temperate oceanic climate,36,171,0.21052631578947367,2026-2050-A1FI
3118514,Tanacetum partheniifolium,Cfb,Temperate oceanic climate,36,171,0.21052631578947367,2051-2075-A1FI
3118514,Tanacetum partheniifolium,Cfa,Humid subtropical climate,37,171,0.21637426900584794,2051-2075-A1FI
3118514,Tanacetum partheniifolium,Cfa,Humid subtropical climate,37,171,0.21637426900584794,2076-2100-A1FI
5347603,Genista januensis,Cfb,Temperate oceanic climate,21,91,0.23076923076923078,2071-2100_Beck
5347603,Genista januensis,Cfb,Temperate oceanic climate,21,91,0.23076923076923078,2001-2025-A1FI
5347603,Genista januensis,Cfb,Temperate oceanic climate,21,91,0.23076923076923078,2026-2050-A1FI
5347603,Genista januensis,Cfb,Temperate oceanic climate,21,91,0.23076923076923078,2051-2075-A1FI
5347603,Genista januensis,Csa,Hot-summer Mediterranean climate,29,91,0.31868131868131866,2076-2100-A1FI
7640138,Linaria reflexa,Csa,Hot-summer Mediterranean climate,142,176,0.8068181818181818,2076-2100-A1FI
3642262,Daucus broteri,Csa,Hot-summer Mediterranean climate,91,96,0.9479166666666666,2076-2100-A1FI
7274334,Tropaeolum pentaphyllum,Cfa,Humid subtropical climate,116,163,0.7116564417177914,2071-2100_Beck
7274334,Tropaeolum pentaphyllum,Cfa,Humid subtropical climate,116,163,0.7116564417177914,2051-2075-A1FI
5298598,Iris albicans,Csa,Hot-summer Mediterranean climate,107,204,0.5245098039215687,2076-2100-A1FI
7274334,Tropaeolum pentaphyllum,Cfa,Humid subtropical climate,116,163,0.7116564417177914,2076-2100-A1FI
7622027,Nonea pallens,Csa,Hot-summer Mediterranean climate,80,141,0.5673758865248227,2076-2100-A1FI
3139715,Gamochaeta falcata,Cfa,Humid subtropical climate,47,96,0.4895833333333333,2071-2100_Beck
3139715,Gamochaeta falcata,Cfa,Humid subtropical climate,47,96,0.4895833333333333,2051-2075-A1FI
3139715,Gamochaeta falcata,Cfa,Humid subtropical climate,47,96,0.4895833333333333,2076-2100-A1FI
5287984,Fascicularia bicolor,Cfb,Temperate oceanic climate,101,159,0.6352201257861635,2071-2100_Beck
5287984,Fascicularia bicolor,Cfb,Temperate oceanic climate,101,159,0.6352201257861635,2001-2025-A1FI
5287984,Fascicularia bicolor,Cfb,Temperate oceanic climate,101,159,0.6352201257861635,2026-2050-A1FI
5287984,Fascicularia bicolor,Cfb,Temperate oceanic climate,101,159,0.6352201257861635,2051-2075-A1FI
2888976,Rumex frutescens,Cfb,Temperate oceanic climate,128,146,0.8767123287671232,2071-2100_Beck
2888976,Rumex frutescens,Cfb,Temperate oceanic climate,128,146,0.8767123287671232,2001-2025-A1FI
2888976,Rumex frutescens,Cfb,Temperate oceanic climate,128,146,0.8767123287671232,2026-2050-A1FI
2888976,Rumex frutescens,Cfb,Temperate oceanic climate,128,146,0.8767123287671232,2051-2075-A1FI
7740323,Antirrhinum siculum,Csa,Hot-summer Mediterranean climate,134,157,0.8535031847133758,2076-2100-A1FI
2653284,Ephedra altissima,Csa,Hot-summer Mediterranean climate,84,132,0.6363636363636364,2076-2100-A1FI
3173337,Buddleja alternifolia,Cfb,Temperate oceanic climate,38,124,0.3064516129032258,2071-2100_Beck
3173337,Buddleja alternifolia,Cfb,Temperate oceanic climate,38,124,0.3064516129032258,2001-2025-A1FI
3173337,Buddleja alternifolia,Cfb,Temperate oceanic climate,38,124,0.3064516129032258,2026-2050-A1FI
3173337,Buddleja alternifolia,Cfb,Temperate oceanic climate,38,124,0.3064516129032258,2051-2075-A1FI
